--
-- PostgreSQL database dump
--

-- Dumped from database version 13.3
-- Dumped by pg_dump version 13.3

SET statement_timeout = 0;
SET lock_timeout = 0;
SET idle_in_transaction_session_timeout = 0;
SET client_encoding = 'UTF8';
SET standard_conforming_strings = on;
SELECT pg_catalog.set_config('search_path', '', false);
SET check_function_bodies = false;
SET xmloption = content;
SET client_min_messages = warning;
SET row_security = off;

--
-- Name: adquisiciones; Type: SCHEMA; Schema: -; Owner: postgres
--

CREATE SCHEMA adquisiciones;


ALTER SCHEMA adquisiciones OWNER TO postgres;

--
-- Name: catalogos; Type: SCHEMA; Schema: -; Owner: postgres
--

CREATE SCHEMA catalogos;


ALTER SCHEMA catalogos OWNER TO postgres;

--
-- Name: hdb_catalog; Type: SCHEMA; Schema: -; Owner: postgres
--

CREATE SCHEMA hdb_catalog;


ALTER SCHEMA hdb_catalog OWNER TO postgres;

--
-- Name: hdb_views; Type: SCHEMA; Schema: -; Owner: postgres
--

CREATE SCHEMA hdb_views;


ALTER SCHEMA hdb_views OWNER TO postgres;

--
-- Name: pgcrypto; Type: EXTENSION; Schema: -; Owner: -
--

CREATE EXTENSION IF NOT EXISTS pgcrypto WITH SCHEMA public;


--
-- Name: EXTENSION pgcrypto; Type: COMMENT; Schema: -; Owner: 
--

COMMENT ON EXTENSION pgcrypto IS 'cryptographic functions';


--
-- Name: reestablecer_ubicacion(); Type: FUNCTION; Schema: catalogos; Owner: postgres
--

CREATE FUNCTION catalogos.reestablecer_ubicacion() RETURNS trigger
    LANGUAGE plpgsql
    AS $$
  DECLARE
    ubicacion RECORD; 
  BEGIN
    IF NEW.id_carrera ISNULL AND NEW.id_materia ISNULL THEN 
      SELECT * FROM catalogos.ubicaciones WHERE id_usuario = NEW.id_usuario AND id_plantel = NEW.id_plantel AND id_carrera ISNULL AND id_materia ISNULL INTO ubicacion;
    ELSIF NEW.id_carrera ISNULL THEN
      SELECT * FROM catalogos.ubicaciones WHERE id_usuario = NEW.id_usuario AND id_plantel = NEW.id_plantel AND id_carrera ISNULL AND id_materia = NEW.id_materia INTO ubicacion;        
    ELSIF NEW.id_materia ISNULL THEN
      SELECT * FROM catalogos.ubicaciones WHERE id_usuario = NEW.id_usuario AND id_plantel = NEW.id_plantel AND id_carrera = NEW.id_carrera AND id_materia ISNULL INTO ubicacion;        
    ELSE
      SELECT * FROM catalogos.ubicaciones WHERE id_usuario = NEW.id_usuario AND id_plantel = NEW.id_plantel AND id_carrera = NEW.id_carrera AND id_materia = NEW.id_materia INTO ubicacion;
    END IF;
    IF FOUND THEN
      UPDATE catalogos.ubicaciones SET predeterminada=true, visible = true WHERE id = ubicacion.id; 
      RETURN null;	  
    ELSE
      RETURN NEW;
    END IF;      
  END;
  $$;


ALTER FUNCTION catalogos.reestablecer_ubicacion() OWNER TO postgres;

--
-- Name: ubicacion_predeterminada(); Type: FUNCTION; Schema: catalogos; Owner: postgres
--

CREATE FUNCTION catalogos.ubicacion_predeterminada() RETURNS trigger
    LANGUAGE plpgsql
    AS $$
  BEGIN
    IF NEW.predeterminada THEN
      UPDATE catalogos.ubicaciones SET predeterminada = false WHERE id_usuario = NEW.id_usuario AND id <> NEW.id AND predeterminada;
    END IF; 	   
    RETURN NEW;
  END;
  $$;


ALTER FUNCTION catalogos.ubicacion_predeterminada() OWNER TO postgres;

--
-- Name: hdb_schema_update_event_notifier(); Type: FUNCTION; Schema: hdb_catalog; Owner: postgres
--

CREATE FUNCTION hdb_catalog.hdb_schema_update_event_notifier() RETURNS trigger
    LANGUAGE plpgsql
    AS $$
  DECLARE
    instance_id uuid;
    occurred_at timestamptz;
    curr_rec record;
  BEGIN
    instance_id = NEW.instance_id;
    occurred_at = NEW.occurred_at;
    PERFORM pg_notify('hasura_schema_update', json_build_object(
      'instance_id', instance_id,
      'occurred_at', occurred_at
      )::text);
    RETURN curr_rec;
  END;
$$;


ALTER FUNCTION hdb_catalog.hdb_schema_update_event_notifier() OWNER TO postgres;

--
-- Name: inject_table_defaults(text, text, text, text); Type: FUNCTION; Schema: hdb_catalog; Owner: postgres
--

CREATE FUNCTION hdb_catalog.inject_table_defaults(view_schema text, view_name text, tab_schema text, tab_name text) RETURNS void
    LANGUAGE plpgsql
    AS $$
    DECLARE
        r RECORD;
    BEGIN
      FOR r IN SELECT column_name, column_default FROM information_schema.columns WHERE table_schema = tab_schema AND table_name = tab_name AND column_default IS NOT NULL LOOP
          EXECUTE format('ALTER VIEW %I.%I ALTER COLUMN %I SET DEFAULT %s;', view_schema, view_name, r.column_name, r.column_default);
      END LOOP;
    END;
$$;


ALTER FUNCTION hdb_catalog.inject_table_defaults(view_schema text, view_name text, tab_schema text, tab_name text) OWNER TO postgres;

--
-- Name: insert_event_log(text, text, text, text, json); Type: FUNCTION; Schema: hdb_catalog; Owner: postgres
--

CREATE FUNCTION hdb_catalog.insert_event_log(schema_name text, table_name text, trigger_name text, op text, row_data json) RETURNS text
    LANGUAGE plpgsql
    AS $$
  DECLARE
    id text;
    payload json;
    session_variables json;
    server_version_num int;
  BEGIN
    id := gen_random_uuid();
    server_version_num := current_setting('server_version_num');
    IF server_version_num >= 90600 THEN
      session_variables := current_setting('hasura.user', 't');
    ELSE
      BEGIN
        session_variables := current_setting('hasura.user');
      EXCEPTION WHEN OTHERS THEN
                  session_variables := NULL;
      END;
    END IF;
    payload := json_build_object(
      'op', op,
      'data', row_data,
      'session_variables', session_variables
    );
    INSERT INTO hdb_catalog.event_log
                (id, schema_name, table_name, trigger_name, payload)
    VALUES
    (id, schema_name, table_name, trigger_name, payload);
    RETURN id;
  END;
$$;


ALTER FUNCTION hdb_catalog.insert_event_log(schema_name text, table_name text, trigger_name text, op text, row_data json) OWNER TO postgres;

--
-- Name: actualiza_fecha_modificacion(); Type: FUNCTION; Schema: public; Owner: postgres
--

CREATE FUNCTION public.actualiza_fecha_modificacion() RETURNS trigger
    LANGUAGE plpgsql
    AS $$
  BEGIN
    NEW.fecha_modificacion = current_timestamp;
    RETURN NEW;
  END;
  $$;


ALTER FUNCTION public.actualiza_fecha_modificacion() OWNER TO postgres;

SET default_tablespace = '';

SET default_table_access_method = heap;

--
-- Name: accion_detalle; Type: TABLE; Schema: adquisiciones; Owner: postgres
--

CREATE TABLE adquisiciones.accion_detalle (
    id integer NOT NULL,
    descripcion text,
    visible boolean DEFAULT true,
    fecha_creacion timestamp without time zone DEFAULT CURRENT_TIMESTAMP,
    fecha_modificacion timestamp without time zone DEFAULT CURRENT_TIMESTAMP
);


ALTER TABLE adquisiciones.accion_detalle OWNER TO postgres;

--
-- Name: accion_detalle_id_seq; Type: SEQUENCE; Schema: adquisiciones; Owner: postgres
--

CREATE SEQUENCE adquisiciones.accion_detalle_id_seq
    AS integer
    START WITH 1
    INCREMENT BY 1
    NO MINVALUE
    NO MAXVALUE
    CACHE 1;


ALTER TABLE adquisiciones.accion_detalle_id_seq OWNER TO postgres;

--
-- Name: accion_detalle_id_seq; Type: SEQUENCE OWNED BY; Schema: adquisiciones; Owner: postgres
--

ALTER SEQUENCE adquisiciones.accion_detalle_id_seq OWNED BY adquisiciones.accion_detalle.id;


--
-- Name: carrito; Type: TABLE; Schema: adquisiciones; Owner: postgres
--

CREATE TABLE adquisiciones.carrito (
    id integer NOT NULL,
    id_usuario integer,
    isbn10 text[],
    isbn13 text[],
    titulo text,
    autor text[],
    editorial text,
    edicion text,
    fecha_publicacion text,
    precio numeric(8,2),
    origen text,
    id_origen text,
    url_portada text,
    fecha_creacion timestamp without time zone DEFAULT CURRENT_TIMESTAMP,
    checked boolean DEFAULT true
);


ALTER TABLE adquisiciones.carrito OWNER TO postgres;

--
-- Name: carrito_id_seq; Type: SEQUENCE; Schema: adquisiciones; Owner: postgres
--

CREATE SEQUENCE adquisiciones.carrito_id_seq
    AS integer
    START WITH 1
    INCREMENT BY 1
    NO MINVALUE
    NO MAXVALUE
    CACHE 1;


ALTER TABLE adquisiciones.carrito_id_seq OWNER TO postgres;

--
-- Name: carrito_id_seq; Type: SEQUENCE OWNED BY; Schema: adquisiciones; Owner: postgres
--

ALTER SEQUENCE adquisiciones.carrito_id_seq OWNED BY adquisiciones.carrito.id;


--
-- Name: estatus; Type: TABLE; Schema: adquisiciones; Owner: postgres
--

CREATE TABLE adquisiciones.estatus (
    id integer NOT NULL,
    descripcion text,
    fecha_creacion timestamp without time zone DEFAULT CURRENT_TIMESTAMP,
    fecha_modificacion timestamp without time zone DEFAULT CURRENT_TIMESTAMP
);


ALTER TABLE adquisiciones.estatus OWNER TO postgres;

--
-- Name: estatus_id_seq; Type: SEQUENCE; Schema: adquisiciones; Owner: postgres
--

CREATE SEQUENCE adquisiciones.estatus_id_seq
    AS integer
    START WITH 1
    INCREMENT BY 1
    NO MINVALUE
    NO MAXVALUE
    CACHE 1;


ALTER TABLE adquisiciones.estatus_id_seq OWNER TO postgres;

--
-- Name: estatus_id_seq; Type: SEQUENCE OWNED BY; Schema: adquisiciones; Owner: postgres
--

ALTER SEQUENCE adquisiciones.estatus_id_seq OWNED BY adquisiciones.estatus.id;


--
-- Name: motivo_rechazo; Type: TABLE; Schema: adquisiciones; Owner: postgres
--

CREATE TABLE adquisiciones.motivo_rechazo (
    id integer NOT NULL,
    descripcion text,
    id_rol integer[],
    visible boolean DEFAULT true,
    fecha_creacion timestamp without time zone DEFAULT CURRENT_TIMESTAMP,
    fecha_modificacion timestamp without time zone DEFAULT CURRENT_TIMESTAMP
);


ALTER TABLE adquisiciones.motivo_rechazo OWNER TO postgres;

--
-- Name: motivo_rechazo_id_seq; Type: SEQUENCE; Schema: adquisiciones; Owner: postgres
--

CREATE SEQUENCE adquisiciones.motivo_rechazo_id_seq
    AS integer
    START WITH 1
    INCREMENT BY 1
    NO MINVALUE
    NO MAXVALUE
    CACHE 1;


ALTER TABLE adquisiciones.motivo_rechazo_id_seq OWNER TO postgres;

--
-- Name: motivo_rechazo_id_seq; Type: SEQUENCE OWNED BY; Schema: adquisiciones; Owner: postgres
--

ALTER SEQUENCE adquisiciones.motivo_rechazo_id_seq OWNED BY adquisiciones.motivo_rechazo.id;


--
-- Name: solicitudes; Type: TABLE; Schema: adquisiciones; Owner: postgres
--

CREATE TABLE adquisiciones.solicitudes (
    id integer NOT NULL,
    id_usuario integer,
    id_ubicacion integer,
    isbn10 text[],
    isbn13 text[],
    titulo text,
    autor text[],
    editorial text,
    edicion text,
    fecha_publicacion text,
    cantidad text,
    precio numeric(8,2),
    justificacion text,
    origen text,
    id_origen text,
    id_estatus integer,
    url_portada text,
    fecha_creacion timestamp without time zone DEFAULT CURRENT_TIMESTAMP,
    fecha_modificacion timestamp without time zone DEFAULT CURRENT_TIMESTAMP
);


ALTER TABLE adquisiciones.solicitudes OWNER TO postgres;

--
-- Name: solicitudes_historial; Type: TABLE; Schema: adquisiciones; Owner: postgres
--

CREATE TABLE adquisiciones.solicitudes_historial (
    id integer NOT NULL,
    id_solicitud integer,
    id_usuario integer,
    accion text,
    detalle json,
    fecha timestamp without time zone DEFAULT CURRENT_TIMESTAMP,
    visible boolean DEFAULT true
);


ALTER TABLE adquisiciones.solicitudes_historial OWNER TO postgres;

--
-- Name: solicitudes_historial_id_seq; Type: SEQUENCE; Schema: adquisiciones; Owner: postgres
--

CREATE SEQUENCE adquisiciones.solicitudes_historial_id_seq
    AS integer
    START WITH 1
    INCREMENT BY 1
    NO MINVALUE
    NO MAXVALUE
    CACHE 1;


ALTER TABLE adquisiciones.solicitudes_historial_id_seq OWNER TO postgres;

--
-- Name: solicitudes_historial_id_seq; Type: SEQUENCE OWNED BY; Schema: adquisiciones; Owner: postgres
--

ALTER SEQUENCE adquisiciones.solicitudes_historial_id_seq OWNED BY adquisiciones.solicitudes_historial.id;


--
-- Name: solicitudes_id_seq; Type: SEQUENCE; Schema: adquisiciones; Owner: postgres
--

CREATE SEQUENCE adquisiciones.solicitudes_id_seq
    AS integer
    START WITH 1
    INCREMENT BY 1
    NO MINVALUE
    NO MAXVALUE
    CACHE 1;


ALTER TABLE adquisiciones.solicitudes_id_seq OWNER TO postgres;

--
-- Name: solicitudes_id_seq; Type: SEQUENCE OWNED BY; Schema: adquisiciones; Owner: postgres
--

ALTER SEQUENCE adquisiciones.solicitudes_id_seq OWNED BY adquisiciones.solicitudes.id;


--
-- Name: bibliotecas; Type: TABLE; Schema: catalogos; Owner: postgres
--

CREATE TABLE catalogos.bibliotecas (
    id integer NOT NULL,
    clave text,
    nombre text,
    director text,
    correo text[],
    telefono text,
    horario_servicio json,
    visible boolean DEFAULT true,
    fecha_creacion timestamp without time zone DEFAULT CURRENT_TIMESTAMP,
    fecha_modificacion timestamp without time zone DEFAULT CURRENT_TIMESTAMP
);


ALTER TABLE catalogos.bibliotecas OWNER TO postgres;

--
-- Name: bibliotecas_id_seq; Type: SEQUENCE; Schema: catalogos; Owner: postgres
--

CREATE SEQUENCE catalogos.bibliotecas_id_seq
    AS integer
    START WITH 1
    INCREMENT BY 1
    NO MINVALUE
    NO MAXVALUE
    CACHE 1;


ALTER TABLE catalogos.bibliotecas_id_seq OWNER TO postgres;

--
-- Name: bibliotecas_id_seq; Type: SEQUENCE OWNED BY; Schema: catalogos; Owner: postgres
--

ALTER SEQUENCE catalogos.bibliotecas_id_seq OWNED BY catalogos.bibliotecas.id;


--
-- Name: carreras; Type: TABLE; Schema: catalogos; Owner: postgres
--

CREATE TABLE catalogos.carreras (
    id integer NOT NULL,
    clave text,
    nombre text,
    estatus text,
    id_plantel integer,
    visible boolean DEFAULT true,
    fecha_creacion timestamp without time zone DEFAULT CURRENT_TIMESTAMP,
    fecha_modificacion timestamp without time zone DEFAULT CURRENT_TIMESTAMP
);


ALTER TABLE catalogos.carreras OWNER TO postgres;

--
-- Name: carreras_id_seq; Type: SEQUENCE; Schema: catalogos; Owner: postgres
--

CREATE SEQUENCE catalogos.carreras_id_seq
    AS integer
    START WITH 1
    INCREMENT BY 1
    NO MINVALUE
    NO MAXVALUE
    CACHE 1;


ALTER TABLE catalogos.carreras_id_seq OWNER TO postgres;

--
-- Name: carreras_id_seq; Type: SEQUENCE OWNED BY; Schema: catalogos; Owner: postgres
--

ALTER SEQUENCE catalogos.carreras_id_seq OWNED BY catalogos.carreras.id;


--
-- Name: correos; Type: TABLE; Schema: catalogos; Owner: postgres
--

CREATE TABLE catalogos.correos (
    id integer NOT NULL,
    correo text,
    id_usuario integer,
    predeterminado boolean,
    fecha_creacion timestamp without time zone DEFAULT CURRENT_TIMESTAMP,
    fecha_modificacion timestamp without time zone DEFAULT CURRENT_TIMESTAMP
);


ALTER TABLE catalogos.correos OWNER TO postgres;

--
-- Name: correos_id_seq; Type: SEQUENCE; Schema: catalogos; Owner: postgres
--

CREATE SEQUENCE catalogos.correos_id_seq
    AS integer
    START WITH 1
    INCREMENT BY 1
    NO MINVALUE
    NO MAXVALUE
    CACHE 1;


ALTER TABLE catalogos.correos_id_seq OWNER TO postgres;

--
-- Name: correos_id_seq; Type: SEQUENCE OWNED BY; Schema: catalogos; Owner: postgres
--

ALTER SEQUENCE catalogos.correos_id_seq OWNED BY catalogos.correos.id;


--
-- Name: funciones; Type: TABLE; Schema: catalogos; Owner: postgres
--

CREATE TABLE catalogos.funciones (
    id integer NOT NULL,
    descripcion text
);


ALTER TABLE catalogos.funciones OWNER TO postgres;

--
-- Name: funciones_id_seq; Type: SEQUENCE; Schema: catalogos; Owner: postgres
--

CREATE SEQUENCE catalogos.funciones_id_seq
    AS integer
    START WITH 1
    INCREMENT BY 1
    NO MINVALUE
    NO MAXVALUE
    CACHE 1;


ALTER TABLE catalogos.funciones_id_seq OWNER TO postgres;

--
-- Name: funciones_id_seq; Type: SEQUENCE OWNED BY; Schema: catalogos; Owner: postgres
--

ALTER SEQUENCE catalogos.funciones_id_seq OWNED BY catalogos.funciones.id;


--
-- Name: materias; Type: TABLE; Schema: catalogos; Owner: postgres
--

CREATE TABLE catalogos.materias (
    id integer NOT NULL,
    semestre text,
    nombre text,
    id_carrera integer,
    visible boolean DEFAULT true,
    fecha_creacion timestamp without time zone DEFAULT CURRENT_TIMESTAMP,
    fecha_modificacion timestamp without time zone DEFAULT CURRENT_TIMESTAMP
);


ALTER TABLE catalogos.materias OWNER TO postgres;

--
-- Name: materias_id_seq; Type: SEQUENCE; Schema: catalogos; Owner: postgres
--

CREATE SEQUENCE catalogos.materias_id_seq
    AS integer
    START WITH 1
    INCREMENT BY 1
    NO MINVALUE
    NO MAXVALUE
    CACHE 1;


ALTER TABLE catalogos.materias_id_seq OWNER TO postgres;

--
-- Name: materias_id_seq; Type: SEQUENCE OWNED BY; Schema: catalogos; Owner: postgres
--

ALTER SEQUENCE catalogos.materias_id_seq OWNED BY catalogos.materias.id;


--
-- Name: permisos; Type: TABLE; Schema: catalogos; Owner: postgres
--

CREATE TABLE catalogos.permisos (
    id integer NOT NULL,
    id_role integer,
    resource text,
    action text,
    attributes text
);


ALTER TABLE catalogos.permisos OWNER TO postgres;

--
-- Name: permisos_id_seq; Type: SEQUENCE; Schema: catalogos; Owner: postgres
--

CREATE SEQUENCE catalogos.permisos_id_seq
    AS integer
    START WITH 1
    INCREMENT BY 1
    NO MINVALUE
    NO MAXVALUE
    CACHE 1;


ALTER TABLE catalogos.permisos_id_seq OWNER TO postgres;

--
-- Name: permisos_id_seq; Type: SEQUENCE OWNED BY; Schema: catalogos; Owner: postgres
--

ALTER SEQUENCE catalogos.permisos_id_seq OWNED BY catalogos.permisos.id;


--
-- Name: planteles; Type: TABLE; Schema: catalogos; Owner: postgres
--

CREATE TABLE catalogos.planteles (
    id integer NOT NULL,
    clave text,
    nombre text,
    visible boolean DEFAULT true,
    fecha_creacion timestamp without time zone DEFAULT CURRENT_TIMESTAMP,
    fecha_modificacion timestamp without time zone DEFAULT CURRENT_TIMESTAMP,
    id_biblioteca integer
);


ALTER TABLE catalogos.planteles OWNER TO postgres;

--
-- Name: planteles_id_seq; Type: SEQUENCE; Schema: catalogos; Owner: postgres
--

CREATE SEQUENCE catalogos.planteles_id_seq
    AS integer
    START WITH 1
    INCREMENT BY 1
    NO MINVALUE
    NO MAXVALUE
    CACHE 1;


ALTER TABLE catalogos.planteles_id_seq OWNER TO postgres;

--
-- Name: planteles_id_seq; Type: SEQUENCE OWNED BY; Schema: catalogos; Owner: postgres
--

ALTER SEQUENCE catalogos.planteles_id_seq OWNED BY catalogos.planteles.id;


--
-- Name: roles; Type: TABLE; Schema: catalogos; Owner: postgres
--

CREATE TABLE catalogos.roles (
    id integer NOT NULL,
    nombre text,
    descripcion text
);


ALTER TABLE catalogos.roles OWNER TO postgres;

--
-- Name: roles_id_seq; Type: SEQUENCE; Schema: catalogos; Owner: postgres
--

CREATE SEQUENCE catalogos.roles_id_seq
    AS integer
    START WITH 1
    INCREMENT BY 1
    NO MINVALUE
    NO MAXVALUE
    CACHE 1;


ALTER TABLE catalogos.roles_id_seq OWNER TO postgres;

--
-- Name: roles_id_seq; Type: SEQUENCE OWNED BY; Schema: catalogos; Owner: postgres
--

ALTER SEQUENCE catalogos.roles_id_seq OWNED BY catalogos.roles.id;


--
-- Name: ubicaciones; Type: TABLE; Schema: catalogos; Owner: postgres
--

CREATE TABLE catalogos.ubicaciones (
    id integer NOT NULL,
    id_usuario integer,
    id_plantel integer,
    id_carrera integer,
    id_materia integer,
    predeterminada boolean DEFAULT true,
    visible boolean DEFAULT true,
    fecha_creacion timestamp without time zone DEFAULT CURRENT_TIMESTAMP,
    fecha_modificacion timestamp without time zone DEFAULT CURRENT_TIMESTAMP
);


ALTER TABLE catalogos.ubicaciones OWNER TO postgres;

--
-- Name: ubicaciones_id_seq; Type: SEQUENCE; Schema: catalogos; Owner: postgres
--

CREATE SEQUENCE catalogos.ubicaciones_id_seq
    AS integer
    START WITH 1
    INCREMENT BY 1
    NO MINVALUE
    NO MAXVALUE
    CACHE 1;


ALTER TABLE catalogos.ubicaciones_id_seq OWNER TO postgres;

--
-- Name: ubicaciones_id_seq; Type: SEQUENCE OWNED BY; Schema: catalogos; Owner: postgres
--

ALTER SEQUENCE catalogos.ubicaciones_id_seq OWNED BY catalogos.ubicaciones.id;


--
-- Name: usuarios; Type: TABLE; Schema: catalogos; Owner: postgres
--

CREATE TABLE catalogos.usuarios (
    id integer NOT NULL,
    nombre text NOT NULL,
    apellidos text,
    usuario text,
    clave_acceso text,
    avatar text,
    visible boolean DEFAULT true,
    fecha_creacion timestamp without time zone DEFAULT CURRENT_TIMESTAMP,
    fecha_modificacion timestamp without time zone DEFAULT CURRENT_TIMESTAMP,
    id_rol integer,
    id_biblioteca integer,
    id_funcion integer,
    id_plantel integer
);


ALTER TABLE catalogos.usuarios OWNER TO postgres;

--
-- Name: usuarios_id_seq; Type: SEQUENCE; Schema: catalogos; Owner: postgres
--

CREATE SEQUENCE catalogos.usuarios_id_seq
    AS integer
    START WITH 1
    INCREMENT BY 1
    NO MINVALUE
    NO MAXVALUE
    CACHE 1;


ALTER TABLE catalogos.usuarios_id_seq OWNER TO postgres;

--
-- Name: usuarios_id_seq; Type: SEQUENCE OWNED BY; Schema: catalogos; Owner: postgres
--

ALTER SEQUENCE catalogos.usuarios_id_seq OWNED BY catalogos.usuarios.id;


--
-- Name: event_invocation_logs; Type: TABLE; Schema: hdb_catalog; Owner: postgres
--

CREATE TABLE hdb_catalog.event_invocation_logs (
    id text DEFAULT gen_random_uuid() NOT NULL,
    event_id text,
    status integer,
    request json,
    response json,
    created_at timestamp without time zone DEFAULT now()
);


ALTER TABLE hdb_catalog.event_invocation_logs OWNER TO postgres;

--
-- Name: event_log; Type: TABLE; Schema: hdb_catalog; Owner: postgres
--

CREATE TABLE hdb_catalog.event_log (
    id text DEFAULT gen_random_uuid() NOT NULL,
    schema_name text NOT NULL,
    table_name text NOT NULL,
    trigger_name text NOT NULL,
    payload jsonb NOT NULL,
    delivered boolean DEFAULT false NOT NULL,
    error boolean DEFAULT false NOT NULL,
    tries integer DEFAULT 0 NOT NULL,
    created_at timestamp without time zone DEFAULT now(),
    locked boolean DEFAULT false NOT NULL,
    next_retry_at timestamp without time zone
);


ALTER TABLE hdb_catalog.event_log OWNER TO postgres;

--
-- Name: event_triggers; Type: TABLE; Schema: hdb_catalog; Owner: postgres
--

CREATE TABLE hdb_catalog.event_triggers (
    name text NOT NULL,
    type text NOT NULL,
    schema_name text NOT NULL,
    table_name text NOT NULL,
    configuration json,
    comment text
);


ALTER TABLE hdb_catalog.event_triggers OWNER TO postgres;

--
-- Name: hdb_allowlist; Type: TABLE; Schema: hdb_catalog; Owner: postgres
--

CREATE TABLE hdb_catalog.hdb_allowlist (
    collection_name text
);


ALTER TABLE hdb_catalog.hdb_allowlist OWNER TO postgres;

--
-- Name: hdb_check_constraint; Type: VIEW; Schema: hdb_catalog; Owner: postgres
--

CREATE VIEW hdb_catalog.hdb_check_constraint AS
 SELECT (n.nspname)::text AS table_schema,
    (ct.relname)::text AS table_name,
    (r.conname)::text AS constraint_name,
    pg_get_constraintdef(r.oid, true) AS "check"
   FROM ((pg_constraint r
     JOIN pg_class ct ON ((r.conrelid = ct.oid)))
     JOIN pg_namespace n ON ((ct.relnamespace = n.oid)))
  WHERE (r.contype = 'c'::"char");


ALTER TABLE hdb_catalog.hdb_check_constraint OWNER TO postgres;

--
-- Name: hdb_foreign_key_constraint; Type: VIEW; Schema: hdb_catalog; Owner: postgres
--

CREATE VIEW hdb_catalog.hdb_foreign_key_constraint AS
 SELECT (q.table_schema)::text AS table_schema,
    (q.table_name)::text AS table_name,
    (q.constraint_name)::text AS constraint_name,
    (min(q.constraint_oid))::integer AS constraint_oid,
    min((q.ref_table_table_schema)::text) AS ref_table_table_schema,
    min((q.ref_table)::text) AS ref_table,
    json_object_agg(ac.attname, afc.attname) AS column_mapping,
    min((q.confupdtype)::text) AS on_update,
    min((q.confdeltype)::text) AS on_delete,
    json_agg(ac.attname) AS columns,
    json_agg(afc.attname) AS ref_columns
   FROM ((( SELECT ctn.nspname AS table_schema,
            ct.relname AS table_name,
            r.conrelid AS table_id,
            r.conname AS constraint_name,
            r.oid AS constraint_oid,
            cftn.nspname AS ref_table_table_schema,
            cft.relname AS ref_table,
            r.confrelid AS ref_table_id,
            r.confupdtype,
            r.confdeltype,
            unnest(r.conkey) AS column_id,
            unnest(r.confkey) AS ref_column_id
           FROM ((((pg_constraint r
             JOIN pg_class ct ON ((r.conrelid = ct.oid)))
             JOIN pg_namespace ctn ON ((ct.relnamespace = ctn.oid)))
             JOIN pg_class cft ON ((r.confrelid = cft.oid)))
             JOIN pg_namespace cftn ON ((cft.relnamespace = cftn.oid)))
          WHERE (r.contype = 'f'::"char")) q
     JOIN pg_attribute ac ON (((q.column_id = ac.attnum) AND (q.table_id = ac.attrelid))))
     JOIN pg_attribute afc ON (((q.ref_column_id = afc.attnum) AND (q.ref_table_id = afc.attrelid))))
  GROUP BY q.table_schema, q.table_name, q.constraint_name;


ALTER TABLE hdb_catalog.hdb_foreign_key_constraint OWNER TO postgres;

--
-- Name: hdb_primary_key; Type: VIEW; Schema: hdb_catalog; Owner: postgres
--

CREATE VIEW hdb_catalog.hdb_primary_key AS
 SELECT tc.table_schema,
    tc.table_name,
    tc.constraint_name,
    json_agg(constraint_column_usage.column_name) AS columns
   FROM (information_schema.table_constraints tc
     JOIN ( SELECT x.tblschema AS table_schema,
            x.tblname AS table_name,
            x.colname AS column_name,
            x.cstrname AS constraint_name
           FROM ( SELECT DISTINCT nr.nspname,
                    r.relname,
                    a.attname,
                    c.conname
                   FROM pg_namespace nr,
                    pg_class r,
                    pg_attribute a,
                    pg_depend d,
                    pg_namespace nc,
                    pg_constraint c
                  WHERE ((nr.oid = r.relnamespace) AND (r.oid = a.attrelid) AND (d.refclassid = ('pg_class'::regclass)::oid) AND (d.refobjid = r.oid) AND (d.refobjsubid = a.attnum) AND (d.classid = ('pg_constraint'::regclass)::oid) AND (d.objid = c.oid) AND (c.connamespace = nc.oid) AND (c.contype = 'c'::"char") AND (r.relkind = ANY (ARRAY['r'::"char", 'p'::"char"])) AND (NOT a.attisdropped))
                UNION ALL
                 SELECT nr.nspname,
                    r.relname,
                    a.attname,
                    c.conname
                   FROM pg_namespace nr,
                    pg_class r,
                    pg_attribute a,
                    pg_namespace nc,
                    pg_constraint c
                  WHERE ((nr.oid = r.relnamespace) AND (r.oid = a.attrelid) AND (nc.oid = c.connamespace) AND (r.oid =
                        CASE c.contype
                            WHEN 'f'::"char" THEN c.confrelid
                            ELSE c.conrelid
                        END) AND (a.attnum = ANY (
                        CASE c.contype
                            WHEN 'f'::"char" THEN c.confkey
                            ELSE c.conkey
                        END)) AND (NOT a.attisdropped) AND (c.contype = ANY (ARRAY['p'::"char", 'u'::"char", 'f'::"char"])) AND (r.relkind = ANY (ARRAY['r'::"char", 'p'::"char"])))) x(tblschema, tblname, colname, cstrname)) constraint_column_usage ON ((((tc.constraint_name)::text = (constraint_column_usage.constraint_name)::text) AND ((tc.table_schema)::text = (constraint_column_usage.table_schema)::text) AND ((tc.table_name)::text = (constraint_column_usage.table_name)::text))))
  WHERE ((tc.constraint_type)::text = 'PRIMARY KEY'::text)
  GROUP BY tc.table_schema, tc.table_name, tc.constraint_name;


ALTER TABLE hdb_catalog.hdb_primary_key OWNER TO postgres;

--
-- Name: hdb_column; Type: VIEW; Schema: hdb_catalog; Owner: postgres
--

CREATE VIEW hdb_catalog.hdb_column AS
 WITH primary_key_references AS (
         SELECT fkey.table_schema AS src_table_schema,
            fkey.table_name AS src_table_name,
            (fkey.columns ->> 0) AS src_column_name,
            json_agg(json_build_object('schema', fkey.ref_table_table_schema, 'name', fkey.ref_table)) AS ref_tables
           FROM (hdb_catalog.hdb_foreign_key_constraint fkey
             JOIN hdb_catalog.hdb_primary_key pkey ON ((((pkey.table_schema)::name = fkey.ref_table_table_schema) AND ((pkey.table_name)::name = fkey.ref_table) AND ((pkey.columns)::jsonb = (fkey.ref_columns)::jsonb))))
          WHERE (json_array_length(fkey.columns) = 1)
          GROUP BY fkey.table_schema, fkey.table_name, (fkey.columns ->> 0)
        )
 SELECT columns.table_schema,
    columns.table_name,
    columns.column_name AS name,
    columns.udt_name AS type,
    columns.is_nullable,
    columns.ordinal_position,
    COALESCE(pkey_refs.ref_tables, '[]'::json) AS primary_key_references
   FROM (information_schema.columns
     LEFT JOIN primary_key_references pkey_refs ON ((((columns.table_schema)::name = pkey_refs.src_table_schema) AND ((columns.table_name)::name = pkey_refs.src_table_name) AND ((columns.column_name)::name = pkey_refs.src_column_name))));


ALTER TABLE hdb_catalog.hdb_column OWNER TO postgres;

--
-- Name: hdb_function; Type: TABLE; Schema: hdb_catalog; Owner: postgres
--

CREATE TABLE hdb_catalog.hdb_function (
    function_schema text NOT NULL,
    function_name text NOT NULL,
    is_system_defined boolean DEFAULT false
);


ALTER TABLE hdb_catalog.hdb_function OWNER TO postgres;

--
-- Name: hdb_function_agg; Type: VIEW; Schema: hdb_catalog; Owner: postgres
--

CREATE VIEW hdb_catalog.hdb_function_agg AS
 SELECT (p.proname)::text AS function_name,
    (pn.nspname)::text AS function_schema,
        CASE
            WHEN (p.provariadic = (0)::oid) THEN false
            ELSE true
        END AS has_variadic,
        CASE
            WHEN ((p.provolatile)::text = ('i'::character(1))::text) THEN 'IMMUTABLE'::text
            WHEN ((p.provolatile)::text = ('s'::character(1))::text) THEN 'STABLE'::text
            WHEN ((p.provolatile)::text = ('v'::character(1))::text) THEN 'VOLATILE'::text
            ELSE NULL::text
        END AS function_type,
    pg_get_functiondef(p.oid) AS function_definition,
    (rtn.nspname)::text AS return_type_schema,
    (rt.typname)::text AS return_type_name,
        CASE
            WHEN ((rt.typtype)::text = ('b'::character(1))::text) THEN 'BASE'::text
            WHEN ((rt.typtype)::text = ('c'::character(1))::text) THEN 'COMPOSITE'::text
            WHEN ((rt.typtype)::text = ('d'::character(1))::text) THEN 'DOMAIN'::text
            WHEN ((rt.typtype)::text = ('e'::character(1))::text) THEN 'ENUM'::text
            WHEN ((rt.typtype)::text = ('r'::character(1))::text) THEN 'RANGE'::text
            WHEN ((rt.typtype)::text = ('p'::character(1))::text) THEN 'PSUEDO'::text
            ELSE NULL::text
        END AS return_type_type,
    p.proretset AS returns_set,
    ( SELECT COALESCE(json_agg(q.type_name), '[]'::json) AS "coalesce"
           FROM ( SELECT pt.typname AS type_name,
                    pat.ordinality
                   FROM (unnest(COALESCE(p.proallargtypes, (p.proargtypes)::oid[])) WITH ORDINALITY pat(oid, ordinality)
                     LEFT JOIN pg_type pt ON ((pt.oid = pat.oid)))
                  ORDER BY pat.ordinality) q) AS input_arg_types,
    to_json(COALESCE(p.proargnames, ARRAY[]::text[])) AS input_arg_names,
    p.pronargdefaults AS default_args
   FROM (((pg_proc p
     JOIN pg_namespace pn ON ((pn.oid = p.pronamespace)))
     JOIN pg_type rt ON ((rt.oid = p.prorettype)))
     JOIN pg_namespace rtn ON ((rtn.oid = rt.typnamespace)))
  WHERE (((pn.nspname)::text !~~ 'pg_%'::text) AND ((pn.nspname)::text <> ALL (ARRAY['information_schema'::text, 'hdb_catalog'::text, 'hdb_views'::text])) AND (NOT (EXISTS ( SELECT 1
           FROM pg_aggregate
          WHERE ((pg_aggregate.aggfnoid)::oid = p.oid)))));


ALTER TABLE hdb_catalog.hdb_function_agg OWNER TO postgres;

--
-- Name: hdb_function_info_agg; Type: VIEW; Schema: hdb_catalog; Owner: postgres
--

CREATE VIEW hdb_catalog.hdb_function_info_agg AS
 SELECT hdb_function_agg.function_name,
    hdb_function_agg.function_schema,
    row_to_json(( SELECT e.*::record AS e
           FROM ( SELECT hdb_function_agg.has_variadic,
                    hdb_function_agg.function_type,
                    hdb_function_agg.return_type_schema,
                    hdb_function_agg.return_type_name,
                    hdb_function_agg.return_type_type,
                    hdb_function_agg.returns_set,
                    hdb_function_agg.input_arg_types,
                    hdb_function_agg.input_arg_names,
                    hdb_function_agg.default_args,
                    (EXISTS ( SELECT 1
                           FROM information_schema.tables
                          WHERE (((tables.table_schema)::name = hdb_function_agg.return_type_schema) AND ((tables.table_name)::name = hdb_function_agg.return_type_name)))) AS returns_table) e)) AS function_info
   FROM hdb_catalog.hdb_function_agg;


ALTER TABLE hdb_catalog.hdb_function_info_agg OWNER TO postgres;

--
-- Name: hdb_permission; Type: TABLE; Schema: hdb_catalog; Owner: postgres
--

CREATE TABLE hdb_catalog.hdb_permission (
    table_schema text NOT NULL,
    table_name text NOT NULL,
    role_name text NOT NULL,
    perm_type text NOT NULL,
    perm_def jsonb NOT NULL,
    comment text,
    is_system_defined boolean DEFAULT false,
    CONSTRAINT hdb_permission_perm_type_check CHECK ((perm_type = ANY (ARRAY['insert'::text, 'select'::text, 'update'::text, 'delete'::text])))
);


ALTER TABLE hdb_catalog.hdb_permission OWNER TO postgres;

--
-- Name: hdb_permission_agg; Type: VIEW; Schema: hdb_catalog; Owner: postgres
--

CREATE VIEW hdb_catalog.hdb_permission_agg AS
 SELECT hdb_permission.table_schema,
    hdb_permission.table_name,
    hdb_permission.role_name,
    json_object_agg(hdb_permission.perm_type, hdb_permission.perm_def) AS permissions
   FROM hdb_catalog.hdb_permission
  GROUP BY hdb_permission.table_schema, hdb_permission.table_name, hdb_permission.role_name;


ALTER TABLE hdb_catalog.hdb_permission_agg OWNER TO postgres;

--
-- Name: hdb_query_collection; Type: TABLE; Schema: hdb_catalog; Owner: postgres
--

CREATE TABLE hdb_catalog.hdb_query_collection (
    collection_name text NOT NULL,
    collection_defn jsonb NOT NULL,
    comment text,
    is_system_defined boolean DEFAULT false
);


ALTER TABLE hdb_catalog.hdb_query_collection OWNER TO postgres;

--
-- Name: hdb_relationship; Type: TABLE; Schema: hdb_catalog; Owner: postgres
--

CREATE TABLE hdb_catalog.hdb_relationship (
    table_schema text NOT NULL,
    table_name text NOT NULL,
    rel_name text NOT NULL,
    rel_type text,
    rel_def jsonb NOT NULL,
    comment text,
    is_system_defined boolean DEFAULT false,
    CONSTRAINT hdb_relationship_rel_type_check CHECK ((rel_type = ANY (ARRAY['object'::text, 'array'::text])))
);


ALTER TABLE hdb_catalog.hdb_relationship OWNER TO postgres;

--
-- Name: hdb_schema_update_event; Type: TABLE; Schema: hdb_catalog; Owner: postgres
--

CREATE TABLE hdb_catalog.hdb_schema_update_event (
    instance_id uuid NOT NULL,
    occurred_at timestamp with time zone DEFAULT now() NOT NULL
);


ALTER TABLE hdb_catalog.hdb_schema_update_event OWNER TO postgres;

--
-- Name: hdb_table; Type: TABLE; Schema: hdb_catalog; Owner: postgres
--

CREATE TABLE hdb_catalog.hdb_table (
    table_schema text NOT NULL,
    table_name text NOT NULL,
    is_system_defined boolean DEFAULT false,
    is_enum boolean DEFAULT false NOT NULL
);


ALTER TABLE hdb_catalog.hdb_table OWNER TO postgres;

--
-- Name: hdb_table_info_agg; Type: VIEW; Schema: hdb_catalog; Owner: postgres
--

CREATE VIEW hdb_catalog.hdb_table_info_agg AS
 SELECT tables.table_name,
    tables.table_schema,
    COALESCE(columns.columns, '[]'::json) AS columns,
    COALESCE(pk.columns, '[]'::json) AS primary_key_columns,
    COALESCE(constraints.constraints, '[]'::json) AS constraints,
    COALESCE(views.view_info, 'null'::json) AS view_info
   FROM ((((information_schema.tables tables
     LEFT JOIN ( SELECT c.table_name,
            c.table_schema,
            json_agg(json_build_object('name', c.name, 'type', c.type, 'is_nullable', (c.is_nullable)::boolean, 'references', c.primary_key_references)) AS columns
           FROM hdb_catalog.hdb_column c
          GROUP BY c.table_schema, c.table_name) columns ON ((((tables.table_schema)::name = (columns.table_schema)::name) AND ((tables.table_name)::name = (columns.table_name)::name))))
     LEFT JOIN ( SELECT hdb_primary_key.table_schema,
            hdb_primary_key.table_name,
            hdb_primary_key.constraint_name,
            hdb_primary_key.columns
           FROM hdb_catalog.hdb_primary_key) pk ON ((((tables.table_schema)::name = (pk.table_schema)::name) AND ((tables.table_name)::name = (pk.table_name)::name))))
     LEFT JOIN ( SELECT c.table_schema,
            c.table_name,
            json_agg(c.constraint_name) AS constraints
           FROM information_schema.table_constraints c
          WHERE (((c.constraint_type)::text = 'UNIQUE'::text) OR ((c.constraint_type)::text = 'PRIMARY KEY'::text))
          GROUP BY c.table_schema, c.table_name) constraints ON ((((tables.table_schema)::name = (constraints.table_schema)::name) AND ((tables.table_name)::name = (constraints.table_name)::name))))
     LEFT JOIN ( SELECT v.table_schema,
            v.table_name,
            json_build_object('is_updatable', ((v.is_updatable)::boolean OR (v.is_trigger_updatable)::boolean), 'is_deletable', ((v.is_updatable)::boolean OR (v.is_trigger_deletable)::boolean), 'is_insertable', ((v.is_insertable_into)::boolean OR (v.is_trigger_insertable_into)::boolean)) AS view_info
           FROM information_schema.views v) views ON ((((tables.table_schema)::name = (views.table_schema)::name) AND ((tables.table_name)::name = (views.table_name)::name))));


ALTER TABLE hdb_catalog.hdb_table_info_agg OWNER TO postgres;

--
-- Name: hdb_unique_constraint; Type: VIEW; Schema: hdb_catalog; Owner: postgres
--

CREATE VIEW hdb_catalog.hdb_unique_constraint AS
 SELECT tc.table_name,
    tc.constraint_schema AS table_schema,
    tc.constraint_name,
    json_agg(kcu.column_name) AS columns
   FROM (information_schema.table_constraints tc
     JOIN information_schema.key_column_usage kcu USING (constraint_schema, constraint_name))
  WHERE ((tc.constraint_type)::text = 'UNIQUE'::text)
  GROUP BY tc.table_name, tc.constraint_schema, tc.constraint_name;


ALTER TABLE hdb_catalog.hdb_unique_constraint OWNER TO postgres;

--
-- Name: hdb_version; Type: TABLE; Schema: hdb_catalog; Owner: postgres
--

CREATE TABLE hdb_catalog.hdb_version (
    hasura_uuid uuid DEFAULT gen_random_uuid() NOT NULL,
    version text NOT NULL,
    upgraded_on timestamp with time zone NOT NULL,
    cli_state jsonb DEFAULT '{}'::jsonb NOT NULL,
    console_state jsonb DEFAULT '{}'::jsonb NOT NULL
);


ALTER TABLE hdb_catalog.hdb_version OWNER TO postgres;

--
-- Name: remote_schemas; Type: TABLE; Schema: hdb_catalog; Owner: postgres
--

CREATE TABLE hdb_catalog.remote_schemas (
    id bigint NOT NULL,
    name text,
    definition json,
    comment text
);


ALTER TABLE hdb_catalog.remote_schemas OWNER TO postgres;

--
-- Name: remote_schemas_id_seq; Type: SEQUENCE; Schema: hdb_catalog; Owner: postgres
--

CREATE SEQUENCE hdb_catalog.remote_schemas_id_seq
    START WITH 1
    INCREMENT BY 1
    NO MINVALUE
    NO MAXVALUE
    CACHE 1;


ALTER TABLE hdb_catalog.remote_schemas_id_seq OWNER TO postgres;

--
-- Name: remote_schemas_id_seq; Type: SEQUENCE OWNED BY; Schema: hdb_catalog; Owner: postgres
--

ALTER SEQUENCE hdb_catalog.remote_schemas_id_seq OWNED BY hdb_catalog.remote_schemas.id;


--
-- Name: knex_migrations; Type: TABLE; Schema: public; Owner: postgres
--

CREATE TABLE public.knex_migrations (
    id integer NOT NULL,
    name character varying(255),
    batch integer,
    migration_time timestamp with time zone
);


ALTER TABLE public.knex_migrations OWNER TO postgres;

--
-- Name: knex_migrations_id_seq; Type: SEQUENCE; Schema: public; Owner: postgres
--

CREATE SEQUENCE public.knex_migrations_id_seq
    AS integer
    START WITH 1
    INCREMENT BY 1
    NO MINVALUE
    NO MAXVALUE
    CACHE 1;


ALTER TABLE public.knex_migrations_id_seq OWNER TO postgres;

--
-- Name: knex_migrations_id_seq; Type: SEQUENCE OWNED BY; Schema: public; Owner: postgres
--

ALTER SEQUENCE public.knex_migrations_id_seq OWNED BY public.knex_migrations.id;


--
-- Name: knex_migrations_lock; Type: TABLE; Schema: public; Owner: postgres
--

CREATE TABLE public.knex_migrations_lock (
    index integer NOT NULL,
    is_locked integer
);


ALTER TABLE public.knex_migrations_lock OWNER TO postgres;

--
-- Name: knex_migrations_lock_index_seq; Type: SEQUENCE; Schema: public; Owner: postgres
--

CREATE SEQUENCE public.knex_migrations_lock_index_seq
    AS integer
    START WITH 1
    INCREMENT BY 1
    NO MINVALUE
    NO MAXVALUE
    CACHE 1;


ALTER TABLE public.knex_migrations_lock_index_seq OWNER TO postgres;

--
-- Name: knex_migrations_lock_index_seq; Type: SEQUENCE OWNED BY; Schema: public; Owner: postgres
--

ALTER SEQUENCE public.knex_migrations_lock_index_seq OWNED BY public.knex_migrations_lock.index;


--
-- Name: accion_detalle id; Type: DEFAULT; Schema: adquisiciones; Owner: postgres
--

ALTER TABLE ONLY adquisiciones.accion_detalle ALTER COLUMN id SET DEFAULT nextval('adquisiciones.accion_detalle_id_seq'::regclass);


--
-- Name: carrito id; Type: DEFAULT; Schema: adquisiciones; Owner: postgres
--

ALTER TABLE ONLY adquisiciones.carrito ALTER COLUMN id SET DEFAULT nextval('adquisiciones.carrito_id_seq'::regclass);


--
-- Name: estatus id; Type: DEFAULT; Schema: adquisiciones; Owner: postgres
--

ALTER TABLE ONLY adquisiciones.estatus ALTER COLUMN id SET DEFAULT nextval('adquisiciones.estatus_id_seq'::regclass);


--
-- Name: motivo_rechazo id; Type: DEFAULT; Schema: adquisiciones; Owner: postgres
--

ALTER TABLE ONLY adquisiciones.motivo_rechazo ALTER COLUMN id SET DEFAULT nextval('adquisiciones.motivo_rechazo_id_seq'::regclass);


--
-- Name: solicitudes id; Type: DEFAULT; Schema: adquisiciones; Owner: postgres
--

ALTER TABLE ONLY adquisiciones.solicitudes ALTER COLUMN id SET DEFAULT nextval('adquisiciones.solicitudes_id_seq'::regclass);


--
-- Name: solicitudes_historial id; Type: DEFAULT; Schema: adquisiciones; Owner: postgres
--

ALTER TABLE ONLY adquisiciones.solicitudes_historial ALTER COLUMN id SET DEFAULT nextval('adquisiciones.solicitudes_historial_id_seq'::regclass);


--
-- Name: bibliotecas id; Type: DEFAULT; Schema: catalogos; Owner: postgres
--

ALTER TABLE ONLY catalogos.bibliotecas ALTER COLUMN id SET DEFAULT nextval('catalogos.bibliotecas_id_seq'::regclass);


--
-- Name: carreras id; Type: DEFAULT; Schema: catalogos; Owner: postgres
--

ALTER TABLE ONLY catalogos.carreras ALTER COLUMN id SET DEFAULT nextval('catalogos.carreras_id_seq'::regclass);


--
-- Name: correos id; Type: DEFAULT; Schema: catalogos; Owner: postgres
--

ALTER TABLE ONLY catalogos.correos ALTER COLUMN id SET DEFAULT nextval('catalogos.correos_id_seq'::regclass);


--
-- Name: funciones id; Type: DEFAULT; Schema: catalogos; Owner: postgres
--

ALTER TABLE ONLY catalogos.funciones ALTER COLUMN id SET DEFAULT nextval('catalogos.funciones_id_seq'::regclass);


--
-- Name: materias id; Type: DEFAULT; Schema: catalogos; Owner: postgres
--

ALTER TABLE ONLY catalogos.materias ALTER COLUMN id SET DEFAULT nextval('catalogos.materias_id_seq'::regclass);


--
-- Name: permisos id; Type: DEFAULT; Schema: catalogos; Owner: postgres
--

ALTER TABLE ONLY catalogos.permisos ALTER COLUMN id SET DEFAULT nextval('catalogos.permisos_id_seq'::regclass);


--
-- Name: planteles id; Type: DEFAULT; Schema: catalogos; Owner: postgres
--

ALTER TABLE ONLY catalogos.planteles ALTER COLUMN id SET DEFAULT nextval('catalogos.planteles_id_seq'::regclass);


--
-- Name: roles id; Type: DEFAULT; Schema: catalogos; Owner: postgres
--

ALTER TABLE ONLY catalogos.roles ALTER COLUMN id SET DEFAULT nextval('catalogos.roles_id_seq'::regclass);


--
-- Name: ubicaciones id; Type: DEFAULT; Schema: catalogos; Owner: postgres
--

ALTER TABLE ONLY catalogos.ubicaciones ALTER COLUMN id SET DEFAULT nextval('catalogos.ubicaciones_id_seq'::regclass);


--
-- Name: usuarios id; Type: DEFAULT; Schema: catalogos; Owner: postgres
--

ALTER TABLE ONLY catalogos.usuarios ALTER COLUMN id SET DEFAULT nextval('catalogos.usuarios_id_seq'::regclass);


--
-- Name: remote_schemas id; Type: DEFAULT; Schema: hdb_catalog; Owner: postgres
--

ALTER TABLE ONLY hdb_catalog.remote_schemas ALTER COLUMN id SET DEFAULT nextval('hdb_catalog.remote_schemas_id_seq'::regclass);


--
-- Name: knex_migrations id; Type: DEFAULT; Schema: public; Owner: postgres
--

ALTER TABLE ONLY public.knex_migrations ALTER COLUMN id SET DEFAULT nextval('public.knex_migrations_id_seq'::regclass);


--
-- Name: knex_migrations_lock index; Type: DEFAULT; Schema: public; Owner: postgres
--

ALTER TABLE ONLY public.knex_migrations_lock ALTER COLUMN index SET DEFAULT nextval('public.knex_migrations_lock_index_seq'::regclass);


--
-- Data for Name: accion_detalle; Type: TABLE DATA; Schema: adquisiciones; Owner: postgres
--

COPY adquisiciones.accion_detalle (id, descripcion, visible, fecha_creacion, fecha_modificacion) FROM stdin;
1	Solicitud rechazada	t	2021-10-14 10:24:54.215996	2021-10-14 10:24:54.215996
2	Solicitud aprobada	t	2021-10-14 10:24:54.215996	2021-10-14 10:24:54.215996
3	Solicitud modificada	t	2021-10-14 10:24:54.215996	2021-10-14 10:24:54.215996
\.


--
-- Data for Name: carrito; Type: TABLE DATA; Schema: adquisiciones; Owner: postgres
--

COPY adquisiciones.carrito (id, id_usuario, isbn10, isbn13, titulo, autor, editorial, edicion, fecha_publicacion, precio, origen, id_origen, url_portada, fecha_creacion, checked) FROM stdin;
\.


--
-- Data for Name: estatus; Type: TABLE DATA; Schema: adquisiciones; Owner: postgres
--

COPY adquisiciones.estatus (id, descripcion, fecha_creacion, fecha_modificacion) FROM stdin;
1	Solicitado	2021-10-14 10:24:54.722143	2021-10-14 10:24:54.722143
2	Autorizado	2021-10-14 10:24:54.722143	2021-10-14 10:24:54.722143
3	Rechazado	2021-10-14 10:24:54.722143	2021-10-14 10:24:54.722143
4	Comprando	2021-10-14 10:24:54.722143	2021-10-14 10:24:54.722143
5	Ingresando al sistema	2021-10-14 10:24:54.722143	2021-10-14 10:24:54.722143
6	Disponible	2021-10-14 10:24:54.722143	2021-10-14 10:24:54.722143
7	Cancelada	2021-10-14 10:24:54.722143	2021-10-14 10:24:54.722143
\.


--
-- Data for Name: motivo_rechazo; Type: TABLE DATA; Schema: adquisiciones; Owner: postgres
--

COPY adquisiciones.motivo_rechazo (id, descripcion, id_rol, visible, fecha_creacion, fecha_modificacion) FROM stdin;
1	Material obsoleto	{2,3}	t	2021-10-14 10:24:54.097262	2021-10-14 10:24:54.097262
2	No corresponde al plan de estudios	{2,3}	t	2021-10-14 10:24:54.097262	2021-10-14 10:24:54.097262
3	Captura inconsistente	{2,3}	t	2021-10-14 10:24:54.097262	2021-10-14 10:24:54.097262
4	No correponde a la última edición	{2,3}	t	2021-10-14 10:24:54.097262	2021-10-14 10:24:54.097262
5	No corresponde al plantel del solicitante	{3}	t	2021-10-14 10:24:54.097262	2021-10-14 10:24:54.097262
6	Exceso de material en biblioteca	{2}	t	2021-10-14 10:24:54.097262	2021-10-14 10:24:54.097262
7	Material disponible en biblioteca	{2}	t	2021-10-14 10:24:54.097262	2021-10-14 10:24:54.097262
8	Solicitud duplicada	{2}	t	2021-10-14 10:24:54.097262	2021-10-14 10:24:54.097262
9	Material no disponible	{1,4}	t	2021-10-14 10:24:54.097262	2021-10-14 10:24:54.097262
10	Otro	{1,2,3,4}	t	2021-10-14 10:24:54.097262	2021-10-14 10:24:54.097262
\.


--
-- Data for Name: solicitudes; Type: TABLE DATA; Schema: adquisiciones; Owner: postgres
--

COPY adquisiciones.solicitudes (id, id_usuario, id_ubicacion, isbn10, isbn13, titulo, autor, editorial, edicion, fecha_publicacion, cantidad, precio, justificacion, origen, id_origen, id_estatus, url_portada, fecha_creacion, fecha_modificacion) FROM stdin;
\.


--
-- Data for Name: solicitudes_historial; Type: TABLE DATA; Schema: adquisiciones; Owner: postgres
--

COPY adquisiciones.solicitudes_historial (id, id_solicitud, id_usuario, accion, detalle, fecha, visible) FROM stdin;
\.


--
-- Data for Name: bibliotecas; Type: TABLE DATA; Schema: catalogos; Owner: postgres
--

COPY catalogos.bibliotecas (id, clave, nombre, director, correo, telefono, horario_servicio, visible, fecha_creacion, fecha_modificacion) FROM stdin;
1	B01	Biblioteca Campus Colima	\N	\N	\N	\N	t	2021-10-14 10:24:54.665	2021-10-14 10:24:54.665
2	B15	Biblioteca Campus Villa de Alvarez	\N	\N	\N	\N	t	2021-10-14 10:24:54.898727	2021-10-14 10:24:54.898727
3	B32	Biblioteca Campus Norte	\N	\N	\N	\N	t	2021-10-14 10:24:54.898727	2021-10-14 10:24:54.898727
\.


--
-- Data for Name: carreras; Type: TABLE DATA; Schema: catalogos; Owner: postgres
--

COPY catalogos.carreras (id, clave, nombre, estatus, id_plantel, visible, fecha_creacion, fecha_modificacion) FROM stdin;
1	FD06	Contador Público	VIGENTE	1	t	2021-10-14 10:24:53.834298	2021-10-14 10:24:53.834298
2	FD07	Licenciatura en Administración	VIGENTE	1	t	2021-10-14 10:24:53.834298	2021-10-14 10:24:53.834298
3	M364	Maestría en Alta Dirección	VIGENTE	1	t	2021-10-14 10:24:53.834298	2021-10-14 10:24:53.834298
4	M451	Maestría en Ciencias Administrativas	LIQUIDACION	1	t	2021-10-14 10:24:53.834298	2021-10-14 10:24:53.834298
5	M466	Maestría en Fiscal	VIGENTE	1	t	2021-10-14 10:24:53.834298	2021-10-14 10:24:53.834298
6	K602	Ingeniero (a)  en Telemática	LIQUIDACION	2	t	2021-10-14 10:24:53.834298	2021-10-14 10:24:53.834298
7	K801	Ingeniería en Software	LIQUIDACION	2	t	2021-10-14 10:24:53.834298	2021-10-14 10:24:53.834298
8	K802	Ingeniería de Software	VIGENTE	2	t	2021-10-14 10:24:53.834298	2021-10-14 10:24:53.834298
9	K803	Ingeniería en Tecnologías de Internet	VIGENTE	2	t	2021-10-14 10:24:53.834298	2021-10-14 10:24:53.834298
10	M642	Maestría en Computación	LIQUIDACION	2	t	2021-10-14 10:24:53.834298	2021-10-14 10:24:53.834298
11	M636	Maestría en Tecnologías de Información	LIQUIDACION	2	t	2021-10-14 10:24:53.834298	2021-10-14 10:24:53.834298
12	M671	Maestría en Tecnologías de Internet	VIGENTE	2	t	2021-10-14 10:24:53.834298	2021-10-14 10:24:53.834298
13	G301	Licenciado(a) en Pedagogía	VIGENTE	3	t	2021-10-14 10:24:55.013917	2021-10-14 10:24:55.013917
14	M169	Maestría en Innovación Educativa	VIGENTE	3	t	2021-10-14 10:24:55.013917	2021-10-14 10:24:55.013917
15	FE05	Licenciatura en Economía	VIGENTE	4	t	2021-10-14 10:24:55.013917	2021-10-14 10:24:55.013917
16	FE06	Licenciatura en Finanzas	VIGENTE	4	t	2021-10-14 10:24:55.013917	2021-10-14 10:24:55.013917
17	FE07	Licenciatura en Negocios Internacionales	VIGENTE	4	t	2021-10-14 10:24:55.013917	2021-10-14 10:24:55.013917
18	M470	Maestría en Negocios	VIGENTE	4	t	2021-10-14 10:24:55.013917	2021-10-14 10:24:55.013917
19	P703	Licenciatura en Administración Pública y Ciencia Política	VIGENTE	5	t	2021-10-14 10:24:55.013917	2021-10-14 10:24:55.013917
20	P704	Licenciatura en Relaciones Internacionales	VIGENTE	5	t	2021-10-14 10:24:55.013917	2021-10-14 10:24:55.013917
21	D415-M452	Doctorado en Ciencias Sociales (Directo, con opción a maestría)	VIGENTE	5	t	2021-10-14 10:24:55.013917	2021-10-14 10:24:55.013917
22	D903	Licenciatura en Derecho	VIGENTE	6	t	2021-10-14 10:24:55.013917	2021-10-14 10:24:55.013917
23	M358	Maestría en Derecho	VIGENTE	6	t	2021-10-14 10:24:55.013917	2021-10-14 10:24:55.013917
24	D317	Doctorado Interinstitucional en Derecho	VIGENTE	6	t	2021-10-14 10:24:55.013917	2021-10-14 10:24:55.013917
\.


--
-- Data for Name: correos; Type: TABLE DATA; Schema: catalogos; Owner: postgres
--

COPY catalogos.correos (id, correo, id_usuario, predeterminado, fecha_creacion, fecha_modificacion) FROM stdin;
1	opaz@ucol.mx	1	t	2021-10-14 10:24:53.97199	2021-10-14 10:24:53.97199
2	opaz@gmail.com	1	\N	2021-10-14 10:24:53.97199	2021-10-14 10:24:53.97199
3	sortiz@ucol.mx	2	\N	2021-10-14 10:24:53.97199	2021-10-14 10:24:53.97199
4	ssooffiiaa_ortiz@hotmail.com	2	\N	2021-10-14 10:24:53.97199	2021-10-14 10:24:53.97199
5	princess_sophia@gmail.com	2	\N	2021-10-14 10:24:53.97199	2021-10-14 10:24:53.97199
\.


--
-- Data for Name: funciones; Type: TABLE DATA; Schema: catalogos; Owner: postgres
--

COPY catalogos.funciones (id, descripcion) FROM stdin;
1	Programador, desarrollador del sistema
2	Administrador
3	Responsable de compras
4	Proveedor
5	Responsable de plantel
6	Responsable de biblioteca
7	Bibliotecario
8	Profesor
9	Alumno
\.


--
-- Data for Name: materias; Type: TABLE DATA; Schema: catalogos; Owner: postgres
--

COPY catalogos.materias (id, semestre, nombre, id_carrera, visible, fecha_creacion, fecha_modificacion) FROM stdin;
1	1	Contabilidad básica	1	t	2021-10-14 10:24:53.919005	2021-10-14 10:24:53.919005
2	1	Comunicación para la interacción  contable	1	t	2021-10-14 10:24:53.919005	2021-10-14 10:24:53.919005
3	1	Razonamiento lógico matemático	1	t	2021-10-14 10:24:53.919005	2021-10-14 10:24:53.919005
4	1	Ética y responsabilidad social	1	t	2021-10-14 10:24:53.919005	2021-10-14 10:24:53.919005
5	1	Proceso administrativo	1	t	2021-10-14 10:24:53.919005	2021-10-14 10:24:53.919005
6	1	Optativa I	1	t	2021-10-14 10:24:53.919005	2021-10-14 10:24:53.919005
7	1	Inglés I	1	t	2021-10-14 10:24:53.919005	2021-10-14 10:24:53.919005
8	1	Electiva I	1	t	2021-10-14 10:24:53.919005	2021-10-14 10:24:53.919005
9	1	Servicio social universitario I 	1	t	2021-10-14 10:24:53.919005	2021-10-14 10:24:53.919005
10	2	Estructura de estados financieros  básicos	1	t	2021-10-14 10:24:53.919005	2021-10-14 10:24:53.919005
11	2	Tecnologías para funciones  contables	1	t	2021-10-14 10:24:53.919005	2021-10-14 10:24:53.919005
12	2	Conceptos jurídicos, mercantiles y  corporativos	1	t	2021-10-14 10:24:53.919005	2021-10-14 10:24:53.919005
13	2	Matemáticas financieras 	1	t	2021-10-14 10:24:53.919005	2021-10-14 10:24:53.919005
14	2	Economía	1	t	2021-10-14 10:24:53.919005	2021-10-14 10:24:53.919005
15	2	Optativa II	1	t	2021-10-14 10:24:53.919005	2021-10-14 10:24:53.919005
16	2	Inglés II	1	t	2021-10-14 10:24:53.919005	2021-10-14 10:24:53.919005
17	2	Electiva II	1	t	2021-10-14 10:24:53.919005	2021-10-14 10:24:53.919005
18	2	Servicio social universitario II	1	t	2021-10-14 10:24:53.919005	2021-10-14 10:24:53.919005
19	3	Contabilidad de sociedades 	1	t	2021-10-14 10:24:53.919005	2021-10-14 10:24:53.919005
20	3	Tecnologías para soluciones empresariales I	1	t	2021-10-14 10:24:53.919005	2021-10-14 10:24:53.919005
21	3	Derecho fiscal	1	t	2021-10-14 10:24:53.919005	2021-10-14 10:24:53.919005
22	3	Finanzas	1	t	2021-10-14 10:24:53.919005	2021-10-14 10:24:53.919005
23	3	Gestión de negocios y emprendimiento	1	t	2021-10-14 10:24:53.919005	2021-10-14 10:24:53.919005
24	3	Optativa III	1	t	2021-10-14 10:24:53.919005	2021-10-14 10:24:53.919005
25	3	Inglés III	1	t	2021-10-14 10:24:53.919005	2021-10-14 10:24:53.919005
26	3	Electiva III	1	t	2021-10-14 10:24:53.919005	2021-10-14 10:24:53.919005
27	3	Servicio social universitario III	1	t	2021-10-14 10:24:53.919005	2021-10-14 10:24:53.919005
28	4	Contabilidad de gestión y ecológica	1	t	2021-10-14 10:24:53.919005	2021-10-14 10:24:53.919005
29	4	Tecnologías para soluciones empresariales II	1	t	2021-10-14 10:24:53.919005	2021-10-14 10:24:53.919005
30	4	Código fiscal de la federación	1	t	2021-10-14 10:24:53.919005	2021-10-14 10:24:53.919005
31	4	Análisis e interpretación de estados financieros 	1	t	2021-10-14 10:24:53.919005	2021-10-14 10:24:53.919005
32	4	Costos históricos	1	t	2021-10-14 10:24:53.919005	2021-10-14 10:24:53.919005
33	4	Optativa IV	1	t	2021-10-14 10:24:53.919005	2021-10-14 10:24:53.919005
34	4	Inglés IV	1	t	2021-10-14 10:24:53.919005	2021-10-14 10:24:53.919005
35	4	Electiva IV	1	t	2021-10-14 10:24:53.919005	2021-10-14 10:24:53.919005
36	4	Servicio social universitario IV 	1	t	2021-10-14 10:24:53.919005	2021-10-14 10:24:53.919005
37	5	Auditoría	1	t	2021-10-14 10:24:53.919005	2021-10-14 10:24:53.919005
38	5	Legislación de la seguridad social	1	t	2021-10-14 10:24:53.919005	2021-10-14 10:24:53.919005
39	5	Impuesto sobre la renta: personas morales	1	t	2021-10-14 10:24:53.919005	2021-10-14 10:24:53.919005
40	5	Administración de riesgos financieros	1	t	2021-10-14 10:24:53.919005	2021-10-14 10:24:53.919005
41	5	Costos predeterminados	1	t	2021-10-14 10:24:53.919005	2021-10-14 10:24:53.919005
42	5	Optativa V	1	t	2021-10-14 10:24:53.919005	2021-10-14 10:24:53.919005
43	5	Inglés V	1	t	2021-10-14 10:24:53.919005	2021-10-14 10:24:53.919005
44	5	Electiva V	1	t	2021-10-14 10:24:53.919005	2021-10-14 10:24:53.919005
45	5	Servicio social universitario V	1	t	2021-10-14 10:24:53.919005	2021-10-14 10:24:53.919005
46	6	Normas internacionales de auditoría	1	t	2021-10-14 10:24:53.919005	2021-10-14 10:24:53.919005
47	6	Optativa VI	1	t	2021-10-14 10:24:53.919005	2021-10-14 10:24:53.919005
48	6	Impuesto sobre la renta: personas físicas	1	t	2021-10-14 10:24:53.919005	2021-10-14 10:24:53.919005
49	6	Evaluación de proyectos de inversión	1	t	2021-10-14 10:24:53.919005	2021-10-14 10:24:53.919005
50	6	Costos estratégicos y costos  basados en actividades	1	t	2021-10-14 10:24:53.919005	2021-10-14 10:24:53.919005
51	6	Optativa VII	1	t	2021-10-14 10:24:53.919005	2021-10-14 10:24:53.919005
52	6	Inglés VI	1	t	2021-10-14 10:24:53.919005	2021-10-14 10:24:53.919005
53	6	Electiva VI	1	t	2021-10-14 10:24:53.919005	2021-10-14 10:24:53.919005
54	6	Servicio social universitario VI	1	t	2021-10-14 10:24:53.919005	2021-10-14 10:24:53.919005
55	7	Desarrollo de auditoría	1	t	2021-10-14 10:24:53.919005	2021-10-14 10:24:53.919005
56	7	Optativa profesionalizante I 	1	t	2021-10-14 10:24:53.919005	2021-10-14 10:24:53.919005
57	7	Impuestos indirectos y contribuciones locales	1	t	2021-10-14 10:24:53.919005	2021-10-14 10:24:53.919005
58	7	Optativa profesionalizante II	1	t	2021-10-14 10:24:53.919005	2021-10-14 10:24:53.919005
59	7	Costos para la toma de decisiones	1	t	2021-10-14 10:24:53.919005	2021-10-14 10:24:53.919005
60	7	Servicio social constitucional	1	t	2021-10-14 10:24:53.919005	2021-10-14 10:24:53.919005
61	7	Electiva VII	1	t	2021-10-14 10:24:53.919005	2021-10-14 10:24:53.919005
62	7	Servicio social universitario VII	1	t	2021-10-14 10:24:53.919005	2021-10-14 10:24:53.919005
63	8	Estados financieros y dictámenes	1	t	2021-10-14 10:24:53.919005	2021-10-14 10:24:53.919005
64	8	Seminario de protocolo y trabajo de titulación	1	t	2021-10-14 10:24:53.919005	2021-10-14 10:24:53.919005
65	8	Optativa profesionalizante III	1	t	2021-10-14 10:24:53.919005	2021-10-14 10:24:53.919005
66	8	Optativa profesionalizante IV	1	t	2021-10-14 10:24:53.919005	2021-10-14 10:24:53.919005
67	8	Optativa profesionalizante V	1	t	2021-10-14 10:24:53.919005	2021-10-14 10:24:53.919005
68	8	Práctica profesional 	1	t	2021-10-14 10:24:53.919005	2021-10-14 10:24:53.919005
69	8	Electiva VIII	1	t	2021-10-14 10:24:53.919005	2021-10-14 10:24:53.919005
70	8	Servicio social universitario VIII	1	t	2021-10-14 10:24:53.919005	2021-10-14 10:24:53.919005
71	1	Administración de negocios	2	t	2021-10-14 10:24:53.919005	2021-10-14 10:24:53.919005
72	1	Legislación empresarial	2	t	2021-10-14 10:24:53.919005	2021-10-14 10:24:53.919005
73	1	Contabilidad para los negocios	2	t	2021-10-14 10:24:53.919005	2021-10-14 10:24:53.919005
74	1	Comunicación y pensamiento crítico	2	t	2021-10-14 10:24:53.919005	2021-10-14 10:24:53.919005
75	1	Optativa I	2	t	2021-10-14 10:24:53.919005	2021-10-14 10:24:53.919005
76	1	Inglés I	2	t	2021-10-14 10:24:53.919005	2021-10-14 10:24:53.919005
77	1	Electiva I	2	t	2021-10-14 10:24:53.919005	2021-10-14 10:24:53.919005
78	1	Servicio social universitario I 	2	t	2021-10-14 10:24:53.919005	2021-10-14 10:24:53.919005
79	2	Sistemas de gestión empresarial	2	t	2021-10-14 10:24:53.919005	2021-10-14 10:24:53.919005
80	2	Economía administrativa	2	t	2021-10-14 10:24:53.919005	2021-10-14 10:24:53.919005
81	2	Estados financieros para la toma de decisiones	2	t	2021-10-14 10:24:53.919005	2021-10-14 10:24:53.919005
82	2	Ética y responsabilidad social	2	t	2021-10-14 10:24:53.919005	2021-10-14 10:24:53.919005
83	2	Optativa II	2	t	2021-10-14 10:24:53.919005	2021-10-14 10:24:53.919005
84	2	Inglés II	2	t	2021-10-14 10:24:53.919005	2021-10-14 10:24:53.919005
85	2	Electiva II	2	t	2021-10-14 10:24:53.919005	2021-10-14 10:24:53.919005
86	2	Servicio social universitario II	2	t	2021-10-14 10:24:53.919005	2021-10-14 10:24:53.919005
87	3	Tecnologías de información y comunicación para los negocios	2	t	2021-10-14 10:24:53.919005	2021-10-14 10:24:53.919005
88	3	Estadística para la toma de decisiones	2	t	2021-10-14 10:24:53.919005	2021-10-14 10:24:53.919005
89	3	Contabilidad administrativa	2	t	2021-10-14 10:24:53.919005	2021-10-14 10:24:53.919005
90	3	Desarrollo sustentable	2	t	2021-10-14 10:24:53.919005	2021-10-14 10:24:53.919005
91	3	Optativa III	2	t	2021-10-14 10:24:53.919005	2021-10-14 10:24:53.919005
92	3	Inglés III	2	t	2021-10-14 10:24:53.919005	2021-10-14 10:24:53.919005
93	3	Electiva III	2	t	2021-10-14 10:24:53.919005	2021-10-14 10:24:53.919005
94	3	Servicio social universitario III	2	t	2021-10-14 10:24:53.919005	2021-10-14 10:24:53.919005
95	4	Gestión de la calidad	2	t	2021-10-14 10:24:53.919005	2021-10-14 10:24:53.919005
96	4	Gestión del capital humano 	2	t	2021-10-14 10:24:53.919005	2021-10-14 10:24:53.919005
97	4	Costos para la toma de decisiones	2	t	2021-10-14 10:24:53.919005	2021-10-14 10:24:53.919005
98	4	Marketing aplicado 	2	t	2021-10-14 10:24:53.919005	2021-10-14 10:24:53.919005
99	4	Administración estratégica	2	t	2021-10-14 10:24:53.919005	2021-10-14 10:24:53.919005
100	4	Optativa IV	2	t	2021-10-14 10:24:53.919005	2021-10-14 10:24:53.919005
101	4	Inglés IV	2	t	2021-10-14 10:24:53.919005	2021-10-14 10:24:53.919005
102	4	Electiva IV	2	t	2021-10-14 10:24:53.919005	2021-10-14 10:24:53.919005
103	4	Servicio social universitario IV 	2	t	2021-10-14 10:24:53.919005	2021-10-14 10:24:53.919005
104	5	Desarrollo emprendedor	2	t	2021-10-14 10:24:53.919005	2021-10-14 10:24:53.919005
105	5	Administración del capital humano	2	t	2021-10-14 10:24:53.919005	2021-10-14 10:24:53.919005
106	5	Finanzas corporativas	2	t	2021-10-14 10:24:53.919005	2021-10-14 10:24:53.919005
107	5	Sistemas estratégicos de información de mercados	2	t	2021-10-14 10:24:53.919005	2021-10-14 10:24:53.919005
108	5	Métodos cuantitativos para la administración	2	t	2021-10-14 10:24:53.919005	2021-10-14 10:24:53.919005
109	5	Optativa V	2	t	2021-10-14 10:24:53.919005	2021-10-14 10:24:53.919005
110	5	Inglés V	2	t	2021-10-14 10:24:53.919005	2021-10-14 10:24:53.919005
111	5	Electiva V	2	t	2021-10-14 10:24:53.919005	2021-10-14 10:24:53.919005
112	5	Servicio social universitario V	2	t	2021-10-14 10:24:53.919005	2021-10-14 10:24:53.919005
113	6	Sistemas de control administrativos	2	t	2021-10-14 10:24:53.919005	2021-10-14 10:24:53.919005
114	6	Habilidades directivas	2	t	2021-10-14 10:24:53.919005	2021-10-14 10:24:53.919005
115	6	Evaluación de proyectos de inversión	2	t	2021-10-14 10:24:53.919005	2021-10-14 10:24:53.919005
116	6	Estrategias promocionales	2	t	2021-10-14 10:24:53.919005	2021-10-14 10:24:53.919005
117	6	Desarrollo organizacional	2	t	2021-10-14 10:24:53.919005	2021-10-14 10:24:53.919005
118	6	Optativa VI	2	t	2021-10-14 10:24:53.919005	2021-10-14 10:24:53.919005
119	6	Inglés VI	2	t	2021-10-14 10:24:53.919005	2021-10-14 10:24:53.919005
120	6	Electiva VI	2	t	2021-10-14 10:24:53.919005	2021-10-14 10:24:53.919005
121	6	Servicio social universitario VI	2	t	2021-10-14 10:24:53.919005	2021-10-14 10:24:53.919005
122	7	Seminario de investigación	2	t	2021-10-14 10:24:53.919005	2021-10-14 10:24:53.919005
123	7	Servicio social constitucional	2	t	2021-10-14 10:24:53.919005	2021-10-14 10:24:53.919005
124	7	Electiva VII	2	t	2021-10-14 10:24:53.919005	2021-10-14 10:24:53.919005
125	7	Servicio social universitario VII	2	t	2021-10-14 10:24:53.919005	2021-10-14 10:24:53.919005
126	7	Optativa VII	2	t	2021-10-14 10:24:53.919005	2021-10-14 10:24:53.919005
127	7	Optativa de especialización I	2	t	2021-10-14 10:24:53.919005	2021-10-14 10:24:53.919005
128	7	Optativa de especialización II	2	t	2021-10-14 10:24:53.919005	2021-10-14 10:24:53.919005
129	8	Desarrollo de proyectos de investigación	2	t	2021-10-14 10:24:53.919005	2021-10-14 10:24:53.919005
130	8	Optativa de especialización III	2	t	2021-10-14 10:24:53.919005	2021-10-14 10:24:53.919005
131	8	Optativa de especialización IV	2	t	2021-10-14 10:24:53.919005	2021-10-14 10:24:53.919005
132	8	Optativa de especialización V	2	t	2021-10-14 10:24:53.919005	2021-10-14 10:24:53.919005
133	8	Optativa VIII	2	t	2021-10-14 10:24:53.919005	2021-10-14 10:24:53.919005
134	8	Electiva VIII	2	t	2021-10-14 10:24:53.919005	2021-10-14 10:24:53.919005
135	8	Práctica profesional 	2	t	2021-10-14 10:24:53.919005	2021-10-14 10:24:53.919005
136	8	Servicio social universitario VIII	2	t	2021-10-14 10:24:53.919005	2021-10-14 10:24:53.919005
137		Estadística empresarial	3	t	2021-10-14 10:24:53.919005	2021-10-14 10:24:53.919005
138		Estrategias jurídicas corporativas	3	t	2021-10-14 10:24:53.919005	2021-10-14 10:24:53.919005
139		Desarrollo de competencias directivas	3	t	2021-10-14 10:24:53.919005	2021-10-14 10:24:53.919005
140		Formulación de proyectos y evaluación de riesgos empresariales	3	t	2021-10-14 10:24:53.919005	2021-10-14 10:24:53.919005
141		Seminario de proyecto empresarial I	3	t	2021-10-14 10:24:53.919005	2021-10-14 10:24:53.919005
142		Seminario de proyecto empresarial II	3	t	2021-10-14 10:24:53.919005	2021-10-14 10:24:53.919005
143		Sistema de información y administración del conocimiento (Optativas)	3	t	2021-10-14 10:24:53.919005	2021-10-14 10:24:53.919005
144		Estrategias de E-Comercio (Optativa)	3	t	2021-10-14 10:24:53.919005	2021-10-14 10:24:53.919005
145		Modelos de ecuaciones estructurales para decisiones empresariales (Optativa)	3	t	2021-10-14 10:24:53.919005	2021-10-14 10:24:53.919005
146		Administración del riesgo y seguridad de la información (Optativa)	3	t	2021-10-14 10:24:53.919005	2021-10-14 10:24:53.919005
147		Técnicas y estrategias para investigación de mercados (Optativa)	3	t	2021-10-14 10:24:53.919005	2021-10-14 10:24:53.919005
148		Publicidad y comunicación integral de la mercadotecnia (Optativa)	3	t	2021-10-14 10:24:53.919005	2021-10-14 10:24:53.919005
149		Merchandising y promoción de ventas (Optativa)	3	t	2021-10-14 10:24:53.919005	2021-10-14 10:24:53.919005
150		Creación y gestión del branding (Optativa)	3	t	2021-10-14 10:24:53.919005	2021-10-14 10:24:53.919005
151		Gestión del talento humano integral (Optativa)	3	t	2021-10-14 10:24:53.919005	2021-10-14 10:24:53.919005
152		Desarrollo organizacional y humano (Optativa)	3	t	2021-10-14 10:24:53.919005	2021-10-14 10:24:53.919005
153		Imagen profesional y técnicas de negociación (Optativa)	3	t	2021-10-14 10:24:53.919005	2021-10-14 10:24:53.919005
154		Laboratorio de psicología aplicada a las organizaciones (Optativa)	3	t	2021-10-14 10:24:53.919005	2021-10-14 10:24:53.919005
155		Dirección de operaciones y cadena de suministro (Optativa)	3	t	2021-10-14 10:24:53.919005	2021-10-14 10:24:53.919005
156		Sistemas de gestión de la calidad (Optativa)	3	t	2021-10-14 10:24:53.919005	2021-10-14 10:24:53.919005
157		Gestión de la seguridad y salud ocupacional (Optativa)	3	t	2021-10-14 10:24:53.919005	2021-10-14 10:24:53.919005
158		Responsabilidad social corporativa (Optativa)	3	t	2021-10-14 10:24:53.919005	2021-10-14 10:24:53.919005
159		Análisis contable y financiero de las organizaciones (Optativa)	3	t	2021-10-14 10:24:53.919005	2021-10-14 10:24:53.919005
160		Inversión y financiamiento corporativo (Optativa)	3	t	2021-10-14 10:24:53.919005	2021-10-14 10:24:53.919005
161		Administración de costos para la toma de decisiones (Optativa)	3	t	2021-10-14 10:24:53.919005	2021-10-14 10:24:53.919005
162		Finanzas públicas (Optativa)	3	t	2021-10-14 10:24:53.919005	2021-10-14 10:24:53.919005
163		Finanzas Públicas	5	t	2021-10-14 10:24:53.919005	2021-10-14 10:24:53.919005
164		Código fiscal de la Federación	5	t	2021-10-14 10:24:53.919005	2021-10-14 10:24:53.919005
165		Análisis y estudio práctico de la ley del impuesto sobre la renta de personas morales.	5	t	2021-10-14 10:24:53.919005	2021-10-14 10:24:53.919005
166		Análisis y estudio práctico de la ley del impuesto al valor agregado	5	t	2021-10-14 10:24:53.919005	2021-10-14 10:24:53.919005
167		Seguridad Social	5	t	2021-10-14 10:24:53.919005	2021-10-14 10:24:53.919005
168		Infracciones, sanciones y delitos en el Código fiscal de la Federación	5	t	2021-10-14 10:24:53.919005	2021-10-14 10:24:53.919005
169		Análisis y estudio práctico de la ley del impuesto sobre la renta de personas físicas	5	t	2021-10-14 10:24:53.919005	2021-10-14 10:24:53.919005
170		Análisis y estudio práctico de la ley del impuesto especial sobre producción y servicios	5	t	2021-10-14 10:24:53.919005	2021-10-14 10:24:53.919005
171		Derecho corporativo	5	t	2021-10-14 10:24:53.919005	2021-10-14 10:24:53.919005
172		Estudio práctico de los regímenes especiales de tributación	5	t	2021-10-14 10:24:53.919005	2021-10-14 10:24:53.919005
173		Seminario de proyecto I	5	t	2021-10-14 10:24:53.919005	2021-10-14 10:24:53.919005
174		Seminario de proyecto II	5	t	2021-10-14 10:24:53.919005	2021-10-14 10:24:53.919005
175		Estrategias fiscales (Optativa)	5	t	2021-10-14 10:24:53.919005	2021-10-14 10:24:53.919005
176		Facultades de comprobación IMSS e INFONAVIT (Optativa)	5	t	2021-10-14 10:24:53.919005	2021-10-14 10:24:53.919005
177		Facultades de comprobación SAT (Optativa)	5	t	2021-10-14 10:24:53.919005	2021-10-14 10:24:53.919005
178		Impuestos al comercio exterior (Optativa)	5	t	2021-10-14 10:24:53.919005	2021-10-14 10:24:53.919005
179		Impuestos Estatales y locales (Optativa)	5	t	2021-10-14 10:24:53.919005	2021-10-14 10:24:53.919005
180		Medios de defensa en materia de impuestos Federales (Optativa)	5	t	2021-10-14 10:24:53.919005	2021-10-14 10:24:53.919005
181		Medios de defensa en seguridad social (Optativa)	5	t	2021-10-14 10:24:53.919005	2021-10-14 10:24:53.919005
182		Miscelánea fiscal y facilidades administrativas (Optativa)	5	t	2021-10-14 10:24:53.919005	2021-10-14 10:24:53.919005
183		Planes de prestaciones de previsión social (Optativa)	5	t	2021-10-14 10:24:53.919005	2021-10-14 10:24:53.919005
184	1	Redes de datos	6	t	2021-10-14 10:24:53.919005	2021-10-14 10:24:53.919005
185	1	Herramientas de programación	6	t	2021-10-14 10:24:53.919005	2021-10-14 10:24:53.919005
186	1	Física	6	t	2021-10-14 10:24:53.919005	2021-10-14 10:24:53.919005
187	1	Matemáticas para ingeniería	6	t	2021-10-14 10:24:53.919005	2021-10-14 10:24:53.919005
188	1	Ética y comportamiento en las organizaciones	6	t	2021-10-14 10:24:53.919005	2021-10-14 10:24:53.919005
189	1	Inglés I	6	t	2021-10-14 10:24:53.919005	2021-10-14 10:24:53.919005
190	1	Actividades culturales y deportivas	6	t	2021-10-14 10:24:53.919005	2021-10-14 10:24:53.919005
191	1	Servicio social universitario	6	t	2021-10-14 10:24:53.919005	2021-10-14 10:24:53.919005
192	2	Enrutamiento básico	6	t	2021-10-14 10:24:53.919005	2021-10-14 10:24:53.919005
193	2	Estructuras y bases de datos	6	t	2021-10-14 10:24:53.919005	2021-10-14 10:24:53.919005
194	2	Electrónica digital	6	t	2021-10-14 10:24:53.919005	2021-10-14 10:24:53.919005
195	2	Cálculo diferencial e integral 	6	t	2021-10-14 10:24:53.919005	2021-10-14 10:24:53.919005
196	2	Derecho informático	6	t	2021-10-14 10:24:53.919005	2021-10-14 10:24:53.919005
197	2	Inglés II	6	t	2021-10-14 10:24:53.919005	2021-10-14 10:24:53.919005
198	2	Actividades culturales y deportivas	6	t	2021-10-14 10:24:53.919005	2021-10-14 10:24:53.919005
199	2	Servicio social universitario	6	t	2021-10-14 10:24:53.919005	2021-10-14 10:24:53.919005
200	3	Programación	6	t	2021-10-14 10:24:53.919005	2021-10-14 10:24:53.919005
201	3	Arquitectura de computadoras	6	t	2021-10-14 10:24:53.919005	2021-10-14 10:24:53.919005
202	3	Enrutamiento WAN y conmutación	6	t	2021-10-14 10:24:53.919005	2021-10-14 10:24:53.919005
203	3	Electricidad y magnetismo	6	t	2021-10-14 10:24:53.919005	2021-10-14 10:24:53.919005
204	3	Probabilidad y métodos estadísticos	6	t	2021-10-14 10:24:53.919005	2021-10-14 10:24:53.919005
205	3	Formulación de proyectos	6	t	2021-10-14 10:24:53.919005	2021-10-14 10:24:53.919005
206	3	Inglés III	6	t	2021-10-14 10:24:53.919005	2021-10-14 10:24:53.919005
207	3	Actividades culturales y deportivas	6	t	2021-10-14 10:24:53.919005	2021-10-14 10:24:53.919005
208	3	Servicio social universitario	6	t	2021-10-14 10:24:53.919005	2021-10-14 10:24:53.919005
209	4	Programación visual	6	t	2021-10-14 10:24:53.919005	2021-10-14 10:24:53.919005
210	4	Sistemas embebidos	6	t	2021-10-14 10:24:53.919005	2021-10-14 10:24:53.919005
211	4	Métodos numéricos 	6	t	2021-10-14 10:24:53.919005	2021-10-14 10:24:53.919005
212	4	Ecuaciones diferenciales	6	t	2021-10-14 10:24:53.919005	2021-10-14 10:24:53.919005
213	4	Sistemas operativos y servicios de internet	6	t	2021-10-14 10:24:53.919005	2021-10-14 10:24:53.919005
214	4	Inglés IV	6	t	2021-10-14 10:24:53.919005	2021-10-14 10:24:53.919005
215	4	Actividades culturales y deportivas	6	t	2021-10-14 10:24:53.919005	2021-10-14 10:24:53.919005
216	4	Servicio social universitario	6	t	2021-10-14 10:24:53.919005	2021-10-14 10:24:53.919005
217	5	Programación para web	6	t	2021-10-14 10:24:53.919005	2021-10-14 10:24:53.919005
218	5	Ingeniería de software	6	t	2021-10-14 10:24:53.919005	2021-10-14 10:24:53.919005
219	5	Comunicaciones digitales	6	t	2021-10-14 10:24:53.919005	2021-10-14 10:24:53.919005
220	5	Evaluación de proyectos	6	t	2021-10-14 10:24:53.919005	2021-10-14 10:24:53.919005
221	5	Análisis de señales	6	t	2021-10-14 10:24:53.919005	2021-10-14 10:24:53.919005
222	5	Inglés V	6	t	2021-10-14 10:24:53.919005	2021-10-14 10:24:53.919005
223	5	Actividades culturales y deportivas	6	t	2021-10-14 10:24:53.919005	2021-10-14 10:24:53.919005
224	5	Servicio social universitario	6	t	2021-10-14 10:24:53.919005	2021-10-14 10:24:53.919005
225	6	Comunicaciones ópticas	6	t	2021-10-14 10:24:53.919005	2021-10-14 10:24:53.919005
226	6	Comunicaciones móviles y satelitales	6	t	2021-10-14 10:24:53.919005	2021-10-14 10:24:53.919005
227	6	Dirección de proyectos	6	t	2021-10-14 10:24:53.919005	2021-10-14 10:24:53.919005
228	6	Bases de datos distribuidas	6	t	2021-10-14 10:24:53.919005	2021-10-14 10:24:53.919005
229	6	Administración y seguridad de redes	6	t	2021-10-14 10:24:53.919005	2021-10-14 10:24:53.919005
230	6	Seminario de investigación I	6	t	2021-10-14 10:24:53.919005	2021-10-14 10:24:53.919005
231	6	Inglés VI	6	t	2021-10-14 10:24:53.919005	2021-10-14 10:24:53.919005
232	6	Actividades culturales y deportivas	6	t	2021-10-14 10:24:53.919005	2021-10-14 10:24:53.919005
233	6	Servicio social universitario	6	t	2021-10-14 10:24:53.919005	2021-10-14 10:24:53.919005
234	7	Robótica	6	t	2021-10-14 10:24:53.919005	2021-10-14 10:24:53.919005
235	7	Redes inalámbricas de sensores	6	t	2021-10-14 10:24:53.919005	2021-10-14 10:24:53.919005
236	7	Simulación y calidad de servicio	6	t	2021-10-14 10:24:53.919005	2021-10-14 10:24:53.919005
237	7	Seminario de investigación II	6	t	2021-10-14 10:24:53.919005	2021-10-14 10:24:53.919005
238	7	Inglés VII	6	t	2021-10-14 10:24:53.919005	2021-10-14 10:24:53.919005
239	7	Actividades culturales y deportivas	6	t	2021-10-14 10:24:53.919005	2021-10-14 10:24:53.919005
240	7	Servicio social universitario	6	t	2021-10-14 10:24:53.919005	2021-10-14 10:24:53.919005
241	7	Servicio social constitucional	6	t	2021-10-14 10:24:53.919005	2021-10-14 10:24:53.919005
242	8	Práctica profesional 	6	t	2021-10-14 10:24:53.919005	2021-10-14 10:24:53.919005
243	8	Estancia profesional	6	t	2021-10-14 10:24:53.919005	2021-10-14 10:24:53.919005
244	1	Ofimática	7	t	2021-10-14 10:24:53.919005	2021-10-14 10:24:53.919005
245	1	Lenguajes algorítmicos	7	t	2021-10-14 10:24:53.919005	2021-10-14 10:24:53.919005
246	1	Física	7	t	2021-10-14 10:24:53.919005	2021-10-14 10:24:53.919005
247	1	Matemáticas básicas	7	t	2021-10-14 10:24:53.919005	2021-10-14 10:24:53.919005
248	1	Análisis y modelado de software	7	t	2021-10-14 10:24:53.919005	2021-10-14 10:24:53.919005
249	1	Sistemas digitales	7	t	2021-10-14 10:24:53.919005	2021-10-14 10:24:53.919005
250	1	Inglés I	7	t	2021-10-14 10:24:53.919005	2021-10-14 10:24:53.919005
251	1	Actividades culturales y deportivas	7	t	2021-10-14 10:24:53.919005	2021-10-14 10:24:53.919005
252	1	Servicio social universitario	7	t	2021-10-14 10:24:53.919005	2021-10-14 10:24:53.919005
253	2	Programación orientada a objetos	7	t	2021-10-14 10:24:53.919005	2021-10-14 10:24:53.919005
254	2	Arquitectura de computadoras	7	t	2021-10-14 10:24:53.919005	2021-10-14 10:24:53.919005
255	2	Sistemas de información	7	t	2021-10-14 10:24:53.919005	2021-10-14 10:24:53.919005
256	2	Cálculos	7	t	2021-10-14 10:24:53.919005	2021-10-14 10:24:53.919005
257	2	Redes de computadoras	7	t	2021-10-14 10:24:53.919005	2021-10-14 10:24:53.919005
258	2	Diseño de software	7	t	2021-10-14 10:24:53.919005	2021-10-14 10:24:53.919005
259	2	Inglés II	7	t	2021-10-14 10:24:53.919005	2021-10-14 10:24:53.919005
260	2	Actividades culturales y deportivas	7	t	2021-10-14 10:24:53.919005	2021-10-14 10:24:53.919005
261	2	Servicio social universitario	7	t	2021-10-14 10:24:53.919005	2021-10-14 10:24:53.919005
262	3	Administración de proyectos de software	7	t	2021-10-14 10:24:53.919005	2021-10-14 10:24:53.919005
263	3	Programación visual	7	t	2021-10-14 10:24:53.919005	2021-10-14 10:24:53.919005
264	3	Formulación de proyectos	7	t	2021-10-14 10:24:53.919005	2021-10-14 10:24:53.919005
265	3	Probabilidad	7	t	2021-10-14 10:24:53.919005	2021-10-14 10:24:53.919005
266	3	Matemáticas discretas	7	t	2021-10-14 10:24:53.919005	2021-10-14 10:24:53.919005
267	3	Inglés III	7	t	2021-10-14 10:24:53.919005	2021-10-14 10:24:53.919005
268	3	Actividades culturales y deportivas	7	t	2021-10-14 10:24:53.919005	2021-10-14 10:24:53.919005
269	3	Servicio social universitario	7	t	2021-10-14 10:24:53.919005	2021-10-14 10:24:53.919005
270	4	Sistemas operativos y servicios de internet	7	t	2021-10-14 10:24:53.919005	2021-10-14 10:24:53.919005
271	4	Sistemas embebidos	7	t	2021-10-14 10:24:53.919005	2021-10-14 10:24:53.919005
272	4	Estructuras de datos	7	t	2021-10-14 10:24:53.919005	2021-10-14 10:24:53.919005
273	4	Evaluación de proyectos	7	t	2021-10-14 10:24:53.919005	2021-10-14 10:24:53.919005
274	4	Métodos estadísticos	7	t	2021-10-14 10:24:53.919005	2021-10-14 10:24:53.919005
275	4	Ética y comportamiento en las organizaciones	7	t	2021-10-14 10:24:53.919005	2021-10-14 10:24:53.919005
276	4	Inglés IV	7	t	2021-10-14 10:24:53.919005	2021-10-14 10:24:53.919005
277	4	Actividades culturales y deportivas	7	t	2021-10-14 10:24:53.919005	2021-10-14 10:24:53.919005
278	4	Servicio social universitario	7	t	2021-10-14 10:24:53.919005	2021-10-14 10:24:53.919005
279	5	Programación distribuida	7	t	2021-10-14 10:24:53.919005	2021-10-14 10:24:53.919005
280	5	Bases de datos	7	t	2021-10-14 10:24:53.919005	2021-10-14 10:24:53.919005
281	5	Interacción humano-computadora	7	t	2021-10-14 10:24:53.919005	2021-10-14 10:24:53.919005
282	5	Métodos numéricos 	7	t	2021-10-14 10:24:53.919005	2021-10-14 10:24:53.919005
283	5	Dirección de proyectos	7	t	2021-10-14 10:24:53.919005	2021-10-14 10:24:53.919005
284	5	Derecho informático	7	t	2021-10-14 10:24:53.919005	2021-10-14 10:24:53.919005
285	5	Inglés V	7	t	2021-10-14 10:24:53.919005	2021-10-14 10:24:53.919005
286	5	Actividades culturales y deportivas	7	t	2021-10-14 10:24:53.919005	2021-10-14 10:24:53.919005
287	5	Servicio social universitario	7	t	2021-10-14 10:24:53.919005	2021-10-14 10:24:53.919005
288	6	Programación en internet	7	t	2021-10-14 10:24:53.919005	2021-10-14 10:24:53.919005
289	6	Testeo y métodos de usabilidad	7	t	2021-10-14 10:24:53.919005	2021-10-14 10:24:53.919005
290	6	Bases de datos distribuidas	7	t	2021-10-14 10:24:53.919005	2021-10-14 10:24:53.919005
291	6	Simulación e investigación de operaciones	7	t	2021-10-14 10:24:53.919005	2021-10-14 10:24:53.919005
292	6	Seminario de investigación I	7	t	2021-10-14 10:24:53.919005	2021-10-14 10:24:53.919005
293	6	Inglés VI	7	t	2021-10-14 10:24:53.919005	2021-10-14 10:24:53.919005
294	6	Actividades culturales y deportivas	7	t	2021-10-14 10:24:53.919005	2021-10-14 10:24:53.919005
295	6	Servicio social universitario	7	t	2021-10-14 10:24:53.919005	2021-10-14 10:24:53.919005
296	7	Sistemas de hipermedia	7	t	2021-10-14 10:24:53.919005	2021-10-14 10:24:53.919005
297	7	Mantenimiento de software	7	t	2021-10-14 10:24:53.919005	2021-10-14 10:24:53.919005
298	7	Seguridad de datos	7	t	2021-10-14 10:24:53.919005	2021-10-14 10:24:53.919005
299	7	Programación de dispositivos móviles	7	t	2021-10-14 10:24:53.919005	2021-10-14 10:24:53.919005
300	7	Seminario de investigación II	7	t	2021-10-14 10:24:53.919005	2021-10-14 10:24:53.919005
301	7	Inglés VII	7	t	2021-10-14 10:24:53.919005	2021-10-14 10:24:53.919005
302	7	Actividades culturales y deportivas	7	t	2021-10-14 10:24:53.919005	2021-10-14 10:24:53.919005
303	7	Servicio social universitario	7	t	2021-10-14 10:24:53.919005	2021-10-14 10:24:53.919005
304	7	Servicio social constitucional	7	t	2021-10-14 10:24:53.919005	2021-10-14 10:24:53.919005
305	8	Práctica profesional 	7	t	2021-10-14 10:24:53.919005	2021-10-14 10:24:53.919005
306	8	Estancia profesional	7	t	2021-10-14 10:24:53.919005	2021-10-14 10:24:53.919005
307	1	Fundamentos de programación	8	t	2021-10-14 10:24:53.919005	2021-10-14 10:24:53.919005
308	1	Ética para ingeniería	8	t	2021-10-14 10:24:53.919005	2021-10-14 10:24:53.919005
309	1	Fundamentos de redes de datos	8	t	2021-10-14 10:24:53.919005	2021-10-14 10:24:53.919005
310	1	Matemáticas básicas	8	t	2021-10-14 10:24:53.919005	2021-10-14 10:24:53.919005
311	1	Sistemas operativos	8	t	2021-10-14 10:24:53.919005	2021-10-14 10:24:53.919005
312	1	Introducción a la ingeniería de software	8	t	2021-10-14 10:24:53.919005	2021-10-14 10:24:53.919005
313	1	Inglés I	8	t	2021-10-14 10:24:53.919005	2021-10-14 10:24:53.919005
314	1	Electiva I	8	t	2021-10-14 10:24:53.919005	2021-10-14 10:24:53.919005
315	1	Servicio social universitario I 	8	t	2021-10-14 10:24:53.919005	2021-10-14 10:24:53.919005
316	2	Programación orientada a objetos	8	t	2021-10-14 10:24:53.919005	2021-10-14 10:24:53.919005
317	2	Sistemas digitales	8	t	2021-10-14 10:24:53.919005	2021-10-14 10:24:53.919005
318	2	Servicios de internet	8	t	2021-10-14 10:24:53.919005	2021-10-14 10:24:53.919005
319	2	Métodos numéricos 	8	t	2021-10-14 10:24:53.919005	2021-10-14 10:24:53.919005
320	2	Desarrollo emprendedor	8	t	2021-10-14 10:24:53.919005	2021-10-14 10:24:53.919005
321	2	Ciclo de vida del desarrollo de software	8	t	2021-10-14 10:24:53.919005	2021-10-14 10:24:53.919005
322	2	Inglés II	8	t	2021-10-14 10:24:53.919005	2021-10-14 10:24:53.919005
323	2	Electiva II	8	t	2021-10-14 10:24:53.919005	2021-10-14 10:24:53.919005
324	2	Servicio social universitario II	8	t	2021-10-14 10:24:53.919005	2021-10-14 10:24:53.919005
325	3	Estructura de datos	8	t	2021-10-14 10:24:53.919005	2021-10-14 10:24:53.919005
326	3	Estructuras de computadoras	8	t	2021-10-14 10:24:53.919005	2021-10-14 10:24:53.919005
327	3	Legislación y derecho informático	8	t	2021-10-14 10:24:53.919005	2021-10-14 10:24:53.919005
328	3	Matemáticas discretas 	8	t	2021-10-14 10:24:53.919005	2021-10-14 10:24:53.919005
329	3	Metodologías ágiles	8	t	2021-10-14 10:24:53.919005	2021-10-14 10:24:53.919005
330	3	Base de datos	8	t	2021-10-14 10:24:53.919005	2021-10-14 10:24:53.919005
331	3	Inglés III	8	t	2021-10-14 10:24:53.919005	2021-10-14 10:24:53.919005
332	3	Electiva III	8	t	2021-10-14 10:24:53.919005	2021-10-14 10:24:53.919005
333	3	Servicio social universitario III	8	t	2021-10-14 10:24:53.919005	2021-10-14 10:24:53.919005
334	4	Formulación de proyectos de software	8	t	2021-10-14 10:24:53.919005	2021-10-14 10:24:53.919005
335	4	Programación para web	8	t	2021-10-14 10:24:53.919005	2021-10-14 10:24:53.919005
336	4	Sistemas embebidos	8	t	2021-10-14 10:24:53.919005	2021-10-14 10:24:53.919005
337	4	Probabilidad discreta y análisis estadístico	8	t	2021-10-14 10:24:53.919005	2021-10-14 10:24:53.919005
338	4	Tecnologías de redes emergentes	8	t	2021-10-14 10:24:53.919005	2021-10-14 10:24:53.919005
339	4	Optativa I	8	t	2021-10-14 10:24:53.919005	2021-10-14 10:24:53.919005
340	4	Ingles IV	8	t	2021-10-14 10:24:53.919005	2021-10-14 10:24:53.919005
341	4	Electiva IV	8	t	2021-10-14 10:24:53.919005	2021-10-14 10:24:53.919005
342	4	Servicio social universitario IV 	8	t	2021-10-14 10:24:53.919005	2021-10-14 10:24:53.919005
343	5	Dirección de proyectos de software	8	t	2021-10-14 10:24:53.919005	2021-10-14 10:24:53.919005
344	5	Investigación de operaciones y simulación	8	t	2021-10-14 10:24:53.919005	2021-10-14 10:24:53.919005
345	5	Gestión de las tecnologías de la información	8	t	2021-10-14 10:24:53.919005	2021-10-14 10:24:53.919005
346	5	Interacción humano-computadora	8	t	2021-10-14 10:24:53.919005	2021-10-14 10:24:53.919005
347	5	Programación de móviles	8	t	2021-10-14 10:24:53.919005	2021-10-14 10:24:53.919005
348	5	Optativa II	8	t	2021-10-14 10:24:53.919005	2021-10-14 10:24:53.919005
349	5	Inglés V	8	t	2021-10-14 10:24:53.919005	2021-10-14 10:24:53.919005
350	5	Electiva V	8	t	2021-10-14 10:24:53.919005	2021-10-14 10:24:53.919005
351	5	Servicio social universitario V	8	t	2021-10-14 10:24:53.919005	2021-10-14 10:24:53.919005
352	6	Diseño y evaluación de interfaces de usuario	8	t	2021-10-14 10:24:53.919005	2021-10-14 10:24:53.919005
353	6	Control de calidad de software	8	t	2021-10-14 10:24:53.919005	2021-10-14 10:24:53.919005
354	6	Proyecto de innovación	8	t	2021-10-14 10:24:53.919005	2021-10-14 10:24:53.919005
355	6	Desarrollo de software seguro	8	t	2021-10-14 10:24:53.919005	2021-10-14 10:24:53.919005
356	6	Optativa III	8	t	2021-10-14 10:24:53.919005	2021-10-14 10:24:53.919005
357	6	Optativa IV	8	t	2021-10-14 10:24:53.919005	2021-10-14 10:24:53.919005
358	6	Inglés VI	8	t	2021-10-14 10:24:53.919005	2021-10-14 10:24:53.919005
359	6	Electiva VI	8	t	2021-10-14 10:24:53.919005	2021-10-14 10:24:53.919005
360	6	Servicio social universitario VI	8	t	2021-10-14 10:24:53.919005	2021-10-14 10:24:53.919005
361	7	Metodología de la investigación	8	t	2021-10-14 10:24:53.919005	2021-10-14 10:24:53.919005
362	7	Optativa V	8	t	2021-10-14 10:24:53.919005	2021-10-14 10:24:53.919005
363	7	Optativa VI	8	t	2021-10-14 10:24:53.919005	2021-10-14 10:24:53.919005
364	7	Optativa VII	8	t	2021-10-14 10:24:53.919005	2021-10-14 10:24:53.919005
365	7	Electiva VII	8	t	2021-10-14 10:24:53.919005	2021-10-14 10:24:53.919005
366	7	Servicio social constitucional	8	t	2021-10-14 10:24:53.919005	2021-10-14 10:24:53.919005
367	7	Servicio social universitario VII	8	t	2021-10-14 10:24:53.919005	2021-10-14 10:24:53.919005
368	8	Estancia profesional	8	t	2021-10-14 10:24:53.919005	2021-10-14 10:24:53.919005
369	8	Experiencia de integración profesional	8	t	2021-10-14 10:24:53.919005	2021-10-14 10:24:53.919005
370	8	Electiva VIII	8	t	2021-10-14 10:24:53.919005	2021-10-14 10:24:53.919005
371	8	Servicio social universitario VIII	8	t	2021-10-14 10:24:53.919005	2021-10-14 10:24:53.919005
372	1	Fundamentos de programación 	9	t	2021-10-14 10:24:53.919005	2021-10-14 10:24:53.919005
373	1	Circuitos eléctricos	9	t	2021-10-14 10:24:53.919005	2021-10-14 10:24:53.919005
374	1	Matemáticas básicas	9	t	2021-10-14 10:24:53.919005	2021-10-14 10:24:53.919005
375	1	Redes de datos	9	t	2021-10-14 10:24:53.919005	2021-10-14 10:24:53.919005
376	1	Derecho informático	9	t	2021-10-14 10:24:53.919005	2021-10-14 10:24:53.919005
377	1	Fundamentos de Tecnologías de Internet 	9	t	2021-10-14 10:24:53.919005	2021-10-14 10:24:53.919005
378	1	Inglés I	9	t	2021-10-14 10:24:53.919005	2021-10-14 10:24:53.919005
379	1	Electiva I	9	t	2021-10-14 10:24:53.919005	2021-10-14 10:24:53.919005
380	1	Servicio social universitario I 	9	t	2021-10-14 10:24:53.919005	2021-10-14 10:24:53.919005
381	2	Programación orientada a objetos 	9	t	2021-10-14 10:24:53.919005	2021-10-14 10:24:53.919005
382	2	Electrónica digital	9	t	2021-10-14 10:24:53.919005	2021-10-14 10:24:53.919005
383	2	Cálculo diferencial e integral 	9	t	2021-10-14 10:24:53.919005	2021-10-14 10:24:53.919005
384	2	Enrutamiento y conmutación	9	t	2021-10-14 10:24:53.919005	2021-10-14 10:24:53.919005
385	2	Estructura de datos	9	t	2021-10-14 10:24:53.919005	2021-10-14 10:24:53.919005
386	2	Emprendimiento	9	t	2021-10-14 10:24:53.919005	2021-10-14 10:24:53.919005
387	2	Inglés II	9	t	2021-10-14 10:24:53.919005	2021-10-14 10:24:53.919005
388	2	Electiva II	9	t	2021-10-14 10:24:53.919005	2021-10-14 10:24:53.919005
389	2	Servicio social universitario II	9	t	2021-10-14 10:24:53.919005	2021-10-14 10:24:53.919005
390	3	Programación web	9	t	2021-10-14 10:24:53.919005	2021-10-14 10:24:53.919005
391	3	Arquitectura de computadoras	9	t	2021-10-14 10:24:53.919005	2021-10-14 10:24:53.919005
392	3	Matemáticas discretas	9	t	2021-10-14 10:24:53.919005	2021-10-14 10:24:53.919005
393	3	Ciberseguridad	9	t	2021-10-14 10:24:53.919005	2021-10-14 10:24:53.919005
394	3	Bases de datos para internet	9	t	2021-10-14 10:24:53.919005	2021-10-14 10:24:53.919005
395	3	Formulación de proyectos	9	t	2021-10-14 10:24:53.919005	2021-10-14 10:24:53.919005
396	3	Inglés III	9	t	2021-10-14 10:24:53.919005	2021-10-14 10:24:53.919005
397	3	Electiva III	9	t	2021-10-14 10:24:53.919005	2021-10-14 10:24:53.919005
398	3	Servicio social universitario III	9	t	2021-10-14 10:24:53.919005	2021-10-14 10:24:53.919005
399	4	Programación distribuida de servicios de internet	9	t	2021-10-14 10:24:53.919005	2021-10-14 10:24:53.919005
400	4	Arquitectura y programación de microcontroladores	9	t	2021-10-14 10:24:53.919005	2021-10-14 10:24:53.919005
401	4	Probabilidad y estadística	9	t	2021-10-14 10:24:53.919005	2021-10-14 10:24:53.919005
402	4	Servicios de internet	9	t	2021-10-14 10:24:53.919005	2021-10-14 10:24:53.919005
403	4	Métodos numéricos 	9	t	2021-10-14 10:24:53.919005	2021-10-14 10:24:53.919005
404	4	Ingeniería en software	9	t	2021-10-14 10:24:53.919005	2021-10-14 10:24:53.919005
405	4	Inglés IV	9	t	2021-10-14 10:24:53.919005	2021-10-14 10:24:53.919005
406	4	Electiva IV	9	t	2021-10-14 10:24:53.919005	2021-10-14 10:24:53.919005
407	4	Servicio social universitario IV 	9	t	2021-10-14 10:24:53.919005	2021-10-14 10:24:53.919005
408	5	Programación de aplicaciones	9	t	2021-10-14 10:24:53.919005	2021-10-14 10:24:53.919005
409	5	Sistemas embebidos	9	t	2021-10-14 10:24:53.919005	2021-10-14 10:24:53.919005
410	5	Análisis de señales	9	t	2021-10-14 10:24:53.919005	2021-10-14 10:24:53.919005
411	5	Tecnologías móviles	9	t	2021-10-14 10:24:53.919005	2021-10-14 10:24:53.919005
412	5	Internet de las cosas y cómputo cognitivo 	9	t	2021-10-14 10:24:53.919005	2021-10-14 10:24:53.919005
413	5	Optativa I	9	t	2021-10-14 10:24:53.919005	2021-10-14 10:24:53.919005
414	5	Inglés V	9	t	2021-10-14 10:24:53.919005	2021-10-14 10:24:53.919005
415	5	Electiva V	9	t	2021-10-14 10:24:53.919005	2021-10-14 10:24:53.919005
416	5	Servicio social universitario V	9	t	2021-10-14 10:24:53.919005	2021-10-14 10:24:53.919005
417	6	Sistemas embebidos para internet de las cosas	9	t	2021-10-14 10:24:53.919005	2021-10-14 10:24:53.919005
418	6	Interacción humano-computadora	9	t	2021-10-14 10:24:53.919005	2021-10-14 10:24:53.919005
419	6	Sistemas de transportación inteligente	9	t	2021-10-14 10:24:53.919005	2021-10-14 10:24:53.919005
420	6	Dirección de proyectos	9	t	2021-10-14 10:24:53.919005	2021-10-14 10:24:53.919005
421	6	Inglés VI	9	t	2021-10-14 10:24:53.919005	2021-10-14 10:24:53.919005
422	6	Optativa II	9	t	2021-10-14 10:24:53.919005	2021-10-14 10:24:53.919005
423	6	Optativa III	9	t	2021-10-14 10:24:53.919005	2021-10-14 10:24:53.919005
424	6	Electiva VI	9	t	2021-10-14 10:24:53.919005	2021-10-14 10:24:53.919005
425	6	Servicio social universitario VI	9	t	2021-10-14 10:24:53.919005	2021-10-14 10:24:53.919005
426	7	MediaLab	9	t	2021-10-14 10:24:53.919005	2021-10-14 10:24:53.919005
427	7	Entornos inteligentes y tecnologías disruptivas	9	t	2021-10-14 10:24:53.919005	2021-10-14 10:24:53.919005
428	7	Metodología de investigación	9	t	2021-10-14 10:24:53.919005	2021-10-14 10:24:53.919005
429	7	Optativa IV	9	t	2021-10-14 10:24:53.919005	2021-10-14 10:24:53.919005
430	7	Servicio social constitucional	9	t	2021-10-14 10:24:53.919005	2021-10-14 10:24:53.919005
431	7	Electiva VII	9	t	2021-10-14 10:24:53.919005	2021-10-14 10:24:53.919005
432	7	Servicio social universitario VII	9	t	2021-10-14 10:24:53.919005	2021-10-14 10:24:53.919005
433	8	Estancia profesional 	9	t	2021-10-14 10:24:53.919005	2021-10-14 10:24:53.919005
434	8	Experiencia de integración profesional	9	t	2021-10-14 10:24:53.919005	2021-10-14 10:24:53.919005
435	8	Electiva VIII	9	t	2021-10-14 10:24:53.919005	2021-10-14 10:24:53.919005
436	8	Servicio social universitario VIII	9	t	2021-10-14 10:24:53.919005	2021-10-14 10:24:53.919005
437		Comunicaciones digitales y redes	10	t	2021-10-14 10:24:53.919005	2021-10-14 10:24:53.919005
438		Inteligencia artificial	10	t	2021-10-14 10:24:53.919005	2021-10-14 10:24:53.919005
439		Matemáticas discretas	10	t	2021-10-14 10:24:53.919005	2021-10-14 10:24:53.919005
440		Metodología de la investigación	10	t	2021-10-14 10:24:53.919005	2021-10-14 10:24:53.919005
441		Programación orientada a objetos	10	t	2021-10-14 10:24:53.919005	2021-10-14 10:24:53.919005
442		Seminario de tesis I	10	t	2021-10-14 10:24:53.919005	2021-10-14 10:24:53.919005
443		Seminario de tesis II	10	t	2021-10-14 10:24:53.919005	2021-10-14 10:24:53.919005
444		Administración de tecnologías de información (Optativa)	10	t	2021-10-14 10:24:53.919005	2021-10-14 10:24:53.919005
445		Bibliotecas digitales (Optativa)	10	t	2021-10-14 10:24:53.919005	2021-10-14 10:24:53.919005
446		Cómputo móvil (Optativa)	10	t	2021-10-14 10:24:53.919005	2021-10-14 10:24:53.919005
447		Diseño de sistemas operativos (Optativa)	10	t	2021-10-14 10:24:53.919005	2021-10-14 10:24:53.919005
448		Ingeniería de software (Optativa)	10	t	2021-10-14 10:24:53.919005	2021-10-14 10:24:53.919005
449		Interacción humano-computadora (Optativa)	10	t	2021-10-14 10:24:53.919005	2021-10-14 10:24:53.919005
450		Multimedia educativa (Optativa)	10	t	2021-10-14 10:24:53.919005	2021-10-14 10:24:53.919005
451		Redes de cuarta generación (Optativa)	10	t	2021-10-14 10:24:53.919005	2021-10-14 10:24:53.919005
452		Redes de sensores (Optativa)	10	t	2021-10-14 10:24:53.919005	2021-10-14 10:24:53.919005
453		Redes satelitales e inalámbricas (Optativa)	10	t	2021-10-14 10:24:53.919005	2021-10-14 10:24:53.919005
454		Simulación de redes (Optativa)	10	t	2021-10-14 10:24:53.919005	2021-10-14 10:24:53.919005
455		Sistemas distribuídos (Optativa)	10	t	2021-10-14 10:24:53.919005	2021-10-14 10:24:53.919005
456		Sistemas distribuídos avanzados (Optativa)	10	t	2021-10-14 10:24:53.919005	2021-10-14 10:24:53.919005
457		Sistemas embebidos (Optativa)	10	t	2021-10-14 10:24:53.919005	2021-10-14 10:24:53.919005
458		Software industrial (Optativa)	10	t	2021-10-14 10:24:53.919005	2021-10-14 10:24:53.919005
459		Tecnología del Web (Optativa)	10	t	2021-10-14 10:24:53.919005	2021-10-14 10:24:53.919005
460		Temas selectos de redes y telecomunicaciones (Optativa)	10	t	2021-10-14 10:24:53.919005	2021-10-14 10:24:53.919005
461		Temas selectos de software de sistemas (Optativa)	10	t	2021-10-14 10:24:53.919005	2021-10-14 10:24:53.919005
462		Temas selectos de tecnologías de información (Optativa)	10	t	2021-10-14 10:24:53.919005	2021-10-14 10:24:53.919005
463		Tópicos de redes y telecomunicaciones (Optativa)	10	t	2021-10-14 10:24:53.919005	2021-10-14 10:24:53.919005
464		Tópicos de software de sistemas (Optativa)	10	t	2021-10-14 10:24:53.919005	2021-10-14 10:24:53.919005
465		Tópicos de tecnologías de información (Optativa)	10	t	2021-10-14 10:24:53.919005	2021-10-14 10:24:53.919005
466		Administración pública digital	11	t	2021-10-14 10:24:53.919005	2021-10-14 10:24:53.919005
467		Bibliotecas digitales	11	t	2021-10-14 10:24:53.919005	2021-10-14 10:24:53.919005
468		Diseño de proyectos	11	t	2021-10-14 10:24:53.919005	2021-10-14 10:24:53.919005
469		Elaboración de proyectos	11	t	2021-10-14 10:24:53.919005	2021-10-14 10:24:53.919005
470		Escritura de reportes del proyecto	11	t	2021-10-14 10:24:53.919005	2021-10-14 10:24:53.919005
471		Gestión de tecnologías de información	11	t	2021-10-14 10:24:53.919005	2021-10-14 10:24:53.919005
472		Gestión digital de la información	11	t	2021-10-14 10:24:53.919005	2021-10-14 10:24:53.919005
473		Herramientas de programación	11	t	2021-10-14 10:24:53.919005	2021-10-14 10:24:53.919005
474		Informática administrativa	11	t	2021-10-14 10:24:53.919005	2021-10-14 10:24:53.919005
475		Ingeniería de software	11	t	2021-10-14 10:24:53.919005	2021-10-14 10:24:53.919005
476		Interacción humano-computadora	11	t	2021-10-14 10:24:53.919005	2021-10-14 10:24:53.919005
477		Métodos cuantitativos	11	t	2021-10-14 10:24:53.919005	2021-10-14 10:24:53.919005
478		Procesamiento de bases de datos	11	t	2021-10-14 10:24:53.919005	2021-10-14 10:24:53.919005
479		Seguridad informática	11	t	2021-10-14 10:24:53.919005	2021-10-14 10:24:53.919005
480		Seminario de titulación	11	t	2021-10-14 10:24:53.919005	2021-10-14 10:24:53.919005
481		Sistemas de hipermedia	11	t	2021-10-14 10:24:53.919005	2021-10-14 10:24:53.919005
482		Tecnología de redes	11	t	2021-10-14 10:24:53.919005	2021-10-14 10:24:53.919005
483		Bases de datos avanzadas  (Optativa)	11	t	2021-10-14 10:24:53.919005	2021-10-14 10:24:53.919005
484		Derechos informáticos  (Optativa)	11	t	2021-10-14 10:24:53.919005	2021-10-14 10:24:53.919005
485		Estrategias y técnicas didácticas  (Optativa)	11	t	2021-10-14 10:24:53.919005	2021-10-14 10:24:53.919005
486		Fundamentos de inteligencia artificial  (Optativa)	11	t	2021-10-14 10:24:53.919005	2021-10-14 10:24:53.919005
487		Fundamentos de redes neuronales  (Optativa)	11	t	2021-10-14 10:24:53.919005	2021-10-14 10:24:53.919005
488		Gráficas por computadora  (Optativa)	11	t	2021-10-14 10:24:53.919005	2021-10-14 10:24:53.919005
489		Ingeniería de software orientada a objetos  (Optativa)	11	t	2021-10-14 10:24:53.919005	2021-10-14 10:24:53.919005
490		Multimedia educativa  (Optativa)	11	t	2021-10-14 10:24:53.919005	2021-10-14 10:24:53.919005
491		Procesamiento digital de imágenes  (Optativa)	11	t	2021-10-14 10:24:53.919005	2021-10-14 10:24:53.919005
492		Programación en internet  (Optativa)	11	t	2021-10-14 10:24:53.919005	2021-10-14 10:24:53.919005
493		Programación orientada a objetos  (Optativa)	11	t	2021-10-14 10:24:53.919005	2021-10-14 10:24:53.919005
494		Programación visual  (Optativa)	11	t	2021-10-14 10:24:53.919005	2021-10-14 10:24:53.919005
495		Reingeniería de procesos  (Optativa)	11	t	2021-10-14 10:24:53.919005	2021-10-14 10:24:53.919005
496		Sistemas colaborativos (Optativa)	11	t	2021-10-14 10:24:53.919005	2021-10-14 10:24:53.919005
497		Sistemas georreferenciales  (Optativa)	11	t	2021-10-14 10:24:53.919005	2021-10-14 10:24:53.919005
498		Visión por computadora  (Optativa)	11	t	2021-10-14 10:24:53.919005	2021-10-14 10:24:53.919005
499		Matemáticas I	12	t	2021-10-14 10:24:53.919005	2021-10-14 10:24:53.919005
500		Laboratorio de proyectos I	12	t	2021-10-14 10:24:53.919005	2021-10-14 10:24:53.919005
501		Comunicaciones digitales y redes de datos	12	t	2021-10-14 10:24:53.919005	2021-10-14 10:24:53.919005
502		Arquitectura de sistemas digitales para internet de las cosas	12	t	2021-10-14 10:24:53.919005	2021-10-14 10:24:53.919005
503		Programación avanzada	12	t	2021-10-14 10:24:53.919005	2021-10-14 10:24:53.919005
504		Matemáticas II	12	t	2021-10-14 10:24:53.919005	2021-10-14 10:24:53.919005
505		Procesamiento de datos	12	t	2021-10-14 10:24:53.919005	2021-10-14 10:24:53.919005
506		Aplicaciones para Internet	12	t	2021-10-14 10:24:53.919005	2021-10-14 10:24:53.919005
507		Internet de las cosas	12	t	2021-10-14 10:24:53.919005	2021-10-14 10:24:53.919005
508		Laboratorio de proyectos II	12	t	2021-10-14 10:24:53.919005	2021-10-14 10:24:53.919005
509		Laboratorio de proyectos III	12	t	2021-10-14 10:24:53.919005	2021-10-14 10:24:53.919005
510		Optativa I	12	t	2021-10-14 10:24:53.919005	2021-10-14 10:24:53.919005
511		Optativa II	12	t	2021-10-14 10:24:53.919005	2021-10-14 10:24:53.919005
512		Laboratorio de proyectos IV	12	t	2021-10-14 10:24:53.919005	2021-10-14 10:24:53.919005
513		Optativa III	12	t	2021-10-14 10:24:53.919005	2021-10-14 10:24:53.919005
514	1	Competencias académicas para el trabajo universitario I	13	t	2021-10-14 10:24:55.078312	2021-10-14 10:24:55.078312
515	1	Integración conceptual de la pedagogía I	13	t	2021-10-14 10:24:55.078312	2021-10-14 10:24:55.078312
516	1	Práctica pedagógica inicial I	13	t	2021-10-14 10:24:55.078312	2021-10-14 10:24:55.078312
517	1	Inglés I	13	t	2021-10-14 10:24:55.078312	2021-10-14 10:24:55.078312
518	1	Actividades culturales y deportivas	13	t	2021-10-14 10:24:55.078312	2021-10-14 10:24:55.078312
519	1	Servicio social universitario	13	t	2021-10-14 10:24:55.078312	2021-10-14 10:24:55.078312
520	2	Competencias académicas para el trabajo universitario II	13	t	2021-10-14 10:24:55.078312	2021-10-14 10:24:55.078312
521	2	Integración conceptual de la pedagogía II	13	t	2021-10-14 10:24:55.078312	2021-10-14 10:24:55.078312
522	2	Procesos de aprendizaje y cognición 	13	t	2021-10-14 10:24:55.078312	2021-10-14 10:24:55.078312
523	2	Práctica pedagógica inicial II	13	t	2021-10-14 10:24:55.078312	2021-10-14 10:24:55.078312
524	2	Inglés II	13	t	2021-10-14 10:24:55.078312	2021-10-14 10:24:55.078312
525	2	Actividades culturales y deportivas	13	t	2021-10-14 10:24:55.078312	2021-10-14 10:24:55.078312
526	2	Servicio social universitario	13	t	2021-10-14 10:24:55.078312	2021-10-14 10:24:55.078312
527	3	Diseño de materiales educativos I	13	t	2021-10-14 10:24:55.078312	2021-10-14 10:24:55.078312
528	3	Estrategias de orientación educativa para la intervención pedagógica I	13	t	2021-10-14 10:24:55.078312	2021-10-14 10:24:55.078312
529	3	Evaluación de procesos y programas educativos I 	13	t	2021-10-14 10:24:55.078312	2021-10-14 10:24:55.078312
530	3	Optativa I	13	t	2021-10-14 10:24:55.078312	2021-10-14 10:24:55.078312
531	3	Práctica pedagógica intermedia I	13	t	2021-10-14 10:24:55.078312	2021-10-14 10:24:55.078312
532	3	Inglés III	13	t	2021-10-14 10:24:55.078312	2021-10-14 10:24:55.078312
533	3	Actividades culturales y deportivas	13	t	2021-10-14 10:24:55.078312	2021-10-14 10:24:55.078312
534	3	Servicio social universitario	13	t	2021-10-14 10:24:55.078312	2021-10-14 10:24:55.078312
535	4	Diseño de materiales educativos II	13	t	2021-10-14 10:24:55.078312	2021-10-14 10:24:55.078312
536	4	Estrategias de orientación educativa para la intervención pedagógica II	13	t	2021-10-14 10:24:55.078312	2021-10-14 10:24:55.078312
537	4	Evaluación de procesos y programas educativos II	13	t	2021-10-14 10:24:55.078312	2021-10-14 10:24:55.078312
538	4	Aplicación de las tecnologías de información y comunicación en modelos educativos I 	13	t	2021-10-14 10:24:55.078312	2021-10-14 10:24:55.078312
539	4	Optativa II	13	t	2021-10-14 10:24:55.078312	2021-10-14 10:24:55.078312
540	4	Práctica pedagógica intermedia II	13	t	2021-10-14 10:24:55.078312	2021-10-14 10:24:55.078312
541	4	Inglés IV	13	t	2021-10-14 10:24:55.078312	2021-10-14 10:24:55.078312
542	4	Actividades culturales y deportivas	13	t	2021-10-14 10:24:55.078312	2021-10-14 10:24:55.078312
543	4	Servicio social universitario	13	t	2021-10-14 10:24:55.078312	2021-10-14 10:24:55.078312
544	5	Desarrollo de programas para la formación de recursos humanos	13	t	2021-10-14 10:24:55.078312	2021-10-14 10:24:55.078312
545	5	Evaluación de procesos y programas educativos III	13	t	2021-10-14 10:24:55.078312	2021-10-14 10:24:55.078312
546	5	Aplicación de las tecnologías de información y comunicación en modelos educativos II	13	t	2021-10-14 10:24:55.078312	2021-10-14 10:24:55.078312
547	5	Optativa III	13	t	2021-10-14 10:24:55.078312	2021-10-14 10:24:55.078312
548	5	Inglés V	13	t	2021-10-14 10:24:55.078312	2021-10-14 10:24:55.078312
549	5	Práctica pedagógica intermedia III 	13	t	2021-10-14 10:24:55.078312	2021-10-14 10:24:55.078312
550	5	Actividades culturales y deportivas	13	t	2021-10-14 10:24:55.078312	2021-10-14 10:24:55.078312
551	5	Servicio social universitario	13	t	2021-10-14 10:24:55.078312	2021-10-14 10:24:55.078312
552	6	Desarrollo de propuestas curriculares I 	13	t	2021-10-14 10:24:55.078312	2021-10-14 10:24:55.078312
553	6	Construcción de proyectos de investigación educativa I	13	t	2021-10-14 10:24:55.078312	2021-10-14 10:24:55.078312
554	6	Gestión y administración de la educación superior I	13	t	2021-10-14 10:24:55.078312	2021-10-14 10:24:55.078312
555	6	Optativa IV	13	t	2021-10-14 10:24:55.078312	2021-10-14 10:24:55.078312
556	6	Inglés VI	13	t	2021-10-14 10:24:55.078312	2021-10-14 10:24:55.078312
557	6	Práctica pedagógica final I	13	t	2021-10-14 10:24:55.078312	2021-10-14 10:24:55.078312
558	6	Actividades culturales y deportivas	13	t	2021-10-14 10:24:55.078312	2021-10-14 10:24:55.078312
559	6	Servicio social universitario	13	t	2021-10-14 10:24:55.078312	2021-10-14 10:24:55.078312
560	7	Desarrollo de propuestas curriculares II	13	t	2021-10-14 10:24:55.078312	2021-10-14 10:24:55.078312
561	7	Construcción de proyectos de investigación educativa II	13	t	2021-10-14 10:24:55.078312	2021-10-14 10:24:55.078312
562	7	Gestión y administración de la educación superior II	13	t	2021-10-14 10:24:55.078312	2021-10-14 10:24:55.078312
563	7	Práctica pedagógica final II	13	t	2021-10-14 10:24:55.078312	2021-10-14 10:24:55.078312
564	7	Servicio social constitucional	13	t	2021-10-14 10:24:55.078312	2021-10-14 10:24:55.078312
565	7	Actividades culturales y deportivas	13	t	2021-10-14 10:24:55.078312	2021-10-14 10:24:55.078312
566	7	Servicio social universitario	13	t	2021-10-14 10:24:55.078312	2021-10-14 10:24:55.078312
567	8	Desarrollo de propuestas curriculares III	13	t	2021-10-14 10:24:55.078312	2021-10-14 10:24:55.078312
568	8	Construcción de proyectos de investigación educativa III	13	t	2021-10-14 10:24:55.078312	2021-10-14 10:24:55.078312
569	8	Gestión y administración de la educación superior III	13	t	2021-10-14 10:24:55.078312	2021-10-14 10:24:55.078312
570	8	Práctica pedagógica final III	13	t	2021-10-14 10:24:55.078312	2021-10-14 10:24:55.078312
571	8	Práctica profesional 	13	t	2021-10-14 10:24:55.078312	2021-10-14 10:24:55.078312
572	8	Actividades culturales y deportivas	13	t	2021-10-14 10:24:55.078312	2021-10-14 10:24:55.078312
573	8	Servicio social universitario	13	t	2021-10-14 10:24:55.078312	2021-10-14 10:24:55.078312
574		Tendencias curriculares innovadoras	14	t	2021-10-14 10:24:55.078312	2021-10-14 10:24:55.078312
575		Teorías actuales para la innovación y transformación educativa	14	t	2021-10-14 10:24:55.078312	2021-10-14 10:24:55.078312
576		Políticas de educación e innovación de los procesos educativos	14	t	2021-10-14 10:24:55.078312	2021-10-14 10:24:55.078312
577		Investigación y diagnóstico de los problemas en la educación	14	t	2021-10-14 10:24:55.078312	2021-10-14 10:24:55.078312
578		Diseño de currículos innovadores	14	t	2021-10-14 10:24:55.078312	2021-10-14 10:24:55.078312
579		Modelos de educación abierta y a distancia	14	t	2021-10-14 10:24:55.078312	2021-10-14 10:24:55.078312
580		Gestión de recursos para proyectos socioeducativos	14	t	2021-10-14 10:24:55.078312	2021-10-14 10:24:55.078312
581		Temas selectos de la educación	14	t	2021-10-14 10:24:55.078312	2021-10-14 10:24:55.078312
582		Diseño del proyecto de innovación educativa	14	t	2021-10-14 10:24:55.078312	2021-10-14 10:24:55.078312
583		Evaluación para la innovación curricular y la mejora de la educación	14	t	2021-10-14 10:24:55.078312	2021-10-14 10:24:55.078312
584		Procesos de enseñanza aprendizaje innovadores	14	t	2021-10-14 10:24:55.078312	2021-10-14 10:24:55.078312
585		Liderazgo, mediación y estrategias para el trabajo colaborativo	14	t	2021-10-14 10:24:55.078312	2021-10-14 10:24:55.078312
586		Implementación y evaluación del proyecto de innovación educativa	14	t	2021-10-14 10:24:55.078312	2021-10-14 10:24:55.078312
587		Estancia profesional	14	t	2021-10-14 10:24:55.078312	2021-10-14 10:24:55.078312
588		Equidad en la educación	14	t	2021-10-14 10:24:55.078312	2021-10-14 10:24:55.078312
589		Seminario de titulación	14	t	2021-10-14 10:24:55.078312	2021-10-14 10:24:55.078312
590		Democratización de las instituciones educativas y la cultura escolar {Optativa}	14	t	2021-10-14 10:24:55.078312	2021-10-14 10:24:55.078312
591		Educación inclusiva y diversidad social {Optativa}	14	t	2021-10-14 10:24:55.078312	2021-10-14 10:24:55.078312
592		Emprendedurismo, innovación y creatividad {Optativa}	14	t	2021-10-14 10:24:55.078312	2021-10-14 10:24:55.078312
593		Estrategias didácticas con base en las TIC {Optativa} 	14	t	2021-10-14 10:24:55.078312	2021-10-14 10:24:55.078312
594		Estrategias innovadoras para la evaluación del aprendizaje {Optativa}	14	t	2021-10-14 10:24:55.078312	2021-10-14 10:24:55.078312
595		Metodología innovadoras para mejorar la práctica educativa {Optativa} 	14	t	2021-10-14 10:24:55.078312	2021-10-14 10:24:55.078312
596		Pedagogías alternativas para la igualdad y la sostenibilidad {Optativa}	14	t	2021-10-14 10:24:55.078312	2021-10-14 10:24:55.078312
597		Proyecto escolar e innovación {Optativa}	14	t	2021-10-14 10:24:55.078312	2021-10-14 10:24:55.078312
598		Temas curriculares emergentes {Optativa}	14	t	2021-10-14 10:24:55.078312	2021-10-14 10:24:55.078312
599	1	Cálculo diferencial e integral 	15	t	2021-10-14 10:24:55.078312	2021-10-14 10:24:55.078312
600	1	Introducción a la economía	15	t	2021-10-14 10:24:55.078312	2021-10-14 10:24:55.078312
601	1	Introducción a las finanzas	15	t	2021-10-14 10:24:55.078312	2021-10-14 10:24:55.078312
602	1	Introducción a los negocios internacionales	15	t	2021-10-14 10:24:55.078312	2021-10-14 10:24:55.078312
603	1	Taller integrador del sistema económico	15	t	2021-10-14 10:24:55.078312	2021-10-14 10:24:55.078312
604	1	Inglés I	15	t	2021-10-14 10:24:55.078312	2021-10-14 10:24:55.078312
605	1	Electiva I	15	t	2021-10-14 10:24:55.078312	2021-10-14 10:24:55.078312
606	1	Servicio social universitario I 	15	t	2021-10-14 10:24:55.078312	2021-10-14 10:24:55.078312
607	2	Matemáticas financieras 	15	t	2021-10-14 10:24:55.078312	2021-10-14 10:24:55.078312
608	2	Mercadotecnia	15	t	2021-10-14 10:24:55.078312	2021-10-14 10:24:55.078312
609	2	Microeconomía	15	t	2021-10-14 10:24:55.078312	2021-10-14 10:24:55.078312
610	2	Contabilidad general	15	t	2021-10-14 10:24:55.078312	2021-10-14 10:24:55.078312
611	2	Taller integrador de microeconomía	15	t	2021-10-14 10:24:55.078312	2021-10-14 10:24:55.078312
612	2	Inglés II	15	t	2021-10-14 10:24:55.078312	2021-10-14 10:24:55.078312
613	2	Electiva II	15	t	2021-10-14 10:24:55.078312	2021-10-14 10:24:55.078312
614	2	Servicio social universitario II	15	t	2021-10-14 10:24:55.078312	2021-10-14 10:24:55.078312
615	3	Estadística	15	t	2021-10-14 10:24:55.078312	2021-10-14 10:24:55.078312
616	3	Investigación de mercados	15	t	2021-10-14 10:24:55.078312	2021-10-14 10:24:55.078312
617	3	Macroeconomía	15	t	2021-10-14 10:24:55.078312	2021-10-14 10:24:55.078312
618	3	Análisis financiero	15	t	2021-10-14 10:24:55.078312	2021-10-14 10:24:55.078312
619	3	Taller integrador de macroeconomía	15	t	2021-10-14 10:24:55.078312	2021-10-14 10:24:55.078312
620	3	Inglés III	15	t	2021-10-14 10:24:55.078312	2021-10-14 10:24:55.078312
621	3	Electiva III	15	t	2021-10-14 10:24:55.078312	2021-10-14 10:24:55.078312
622	3	Servicio social universitario III	15	t	2021-10-14 10:24:55.078312	2021-10-14 10:24:55.078312
623	4	Econometría básica	15	t	2021-10-14 10:24:55.078312	2021-10-14 10:24:55.078312
624	4	Derecho y economía	15	t	2021-10-14 10:24:55.078312	2021-10-14 10:24:55.078312
625	4	Economía internacional	15	t	2021-10-14 10:24:55.078312	2021-10-14 10:24:55.078312
626	4	Finanzas corporativas	15	t	2021-10-14 10:24:55.078312	2021-10-14 10:24:55.078312
627	4	Taller integrador de economía internacional	15	t	2021-10-14 10:24:55.078312	2021-10-14 10:24:55.078312
628	4	Inglés IV	15	t	2021-10-14 10:24:55.078312	2021-10-14 10:24:55.078312
629	4	Electiva IV	15	t	2021-10-14 10:24:55.078312	2021-10-14 10:24:55.078312
630	4	Servicio social universitario IV 	15	t	2021-10-14 10:24:55.078312	2021-10-14 10:24:55.078312
631	5	Álgebra lineal y optimización	15	t	2021-10-14 10:24:55.078312	2021-10-14 10:24:55.078312
632	5	Series de tiempo económicas	15	t	2021-10-14 10:24:55.078312	2021-10-14 10:24:55.078312
633	5	Economía de la empresa	15	t	2021-10-14 10:24:55.078312	2021-10-14 10:24:55.078312
634	5	Economía monetaria	15	t	2021-10-14 10:24:55.078312	2021-10-14 10:24:55.078312
635	5	Historia económica general	15	t	2021-10-14 10:24:55.078312	2021-10-14 10:24:55.078312
636	5	Taller integrador de economía de la empresa	15	t	2021-10-14 10:24:55.078312	2021-10-14 10:24:55.078312
637	5	Optativa I	15	t	2021-10-14 10:24:55.078312	2021-10-14 10:24:55.078312
638	5	Electiva V	15	t	2021-10-14 10:24:55.078312	2021-10-14 10:24:55.078312
639	5	Servicio social universitario V	15	t	2021-10-14 10:24:55.078312	2021-10-14 10:24:55.078312
640	6	Organización industrial	15	t	2021-10-14 10:24:55.078312	2021-10-14 10:24:55.078312
641	6	Comercio internacional	15	t	2021-10-14 10:24:55.078312	2021-10-14 10:24:55.078312
642	6	Economía regional y urbana	15	t	2021-10-14 10:24:55.078312	2021-10-14 10:24:55.078312
643	6	Formulación y evaluación de proyectos privados	15	t	2021-10-14 10:24:55.078312	2021-10-14 10:24:55.078312
644	6	Economía mexicana	15	t	2021-10-14 10:24:55.078312	2021-10-14 10:24:55.078312
645	6	Taller integrador de economía regional y urbana	15	t	2021-10-14 10:24:55.078312	2021-10-14 10:24:55.078312
646	6	Optativa II	15	t	2021-10-14 10:24:55.078312	2021-10-14 10:24:55.078312
647	6	Electiva VI	15	t	2021-10-14 10:24:55.078312	2021-10-14 10:24:55.078312
648	6	Servicio social universitario VI	15	t	2021-10-14 10:24:55.078312	2021-10-14 10:24:55.078312
649	6	Servicio social constitucional	15	t	2021-10-14 10:24:55.078312	2021-10-14 10:24:55.078312
650	7	Economía y finanzas públicas	15	t	2021-10-14 10:24:55.078312	2021-10-14 10:24:55.078312
651	7	Crecimiento económico	15	t	2021-10-14 10:24:55.078312	2021-10-14 10:24:55.078312
652	7	Economía del desarrollo	15	t	2021-10-14 10:24:55.078312	2021-10-14 10:24:55.078312
653	7	Formulación y evaluación de proyectos públicos	15	t	2021-10-14 10:24:55.078312	2021-10-14 10:24:55.078312
654	7	Seminario de titulación I	15	t	2021-10-14 10:24:55.078312	2021-10-14 10:24:55.078312
655	7	Taller integrador de economía del desarrollo	15	t	2021-10-14 10:24:55.078312	2021-10-14 10:24:55.078312
656	7	Optativa III	15	t	2021-10-14 10:24:55.078312	2021-10-14 10:24:55.078312
657	7	Electiva VII	15	t	2021-10-14 10:24:55.078312	2021-10-14 10:24:55.078312
658	7	Servicio social universitario VII	15	t	2021-10-14 10:24:55.078312	2021-10-14 10:24:55.078312
659	8	Seminario de titulación II	15	t	2021-10-14 10:24:55.078312	2021-10-14 10:24:55.078312
660	8	Seminario de economía	15	t	2021-10-14 10:24:55.078312	2021-10-14 10:24:55.078312
661	8	Análisis del pensamiento económico	15	t	2021-10-14 10:24:55.078312	2021-10-14 10:24:55.078312
662	8	Optativa IV	15	t	2021-10-14 10:24:55.078312	2021-10-14 10:24:55.078312
663	8	Electiva VIII	15	t	2021-10-14 10:24:55.078312	2021-10-14 10:24:55.078312
664	8	Servicio social universitario VIII	15	t	2021-10-14 10:24:55.078312	2021-10-14 10:24:55.078312
665	8	Práctica profesional 	15	t	2021-10-14 10:24:55.078312	2021-10-14 10:24:55.078312
666	1	Taller integrador del sistema económico	16	t	2021-10-14 10:24:55.078312	2021-10-14 10:24:55.078312
667	1	Introducción a las finanzas	16	t	2021-10-14 10:24:55.078312	2021-10-14 10:24:55.078312
668	1	Cálculo diferencial e integral 	16	t	2021-10-14 10:24:55.078312	2021-10-14 10:24:55.078312
669	1	Introducción a la economía	16	t	2021-10-14 10:24:55.078312	2021-10-14 10:24:55.078312
670	1	Servicio social universitario I 	16	t	2021-10-14 10:24:55.078312	2021-10-14 10:24:55.078312
671	1	Introducción a los negocios internacionales	16	t	2021-10-14 10:24:55.078312	2021-10-14 10:24:55.078312
672	1	Lengua extranjera I	16	t	2021-10-14 10:24:55.078312	2021-10-14 10:24:55.078312
673	1	Electiva I	16	t	2021-10-14 10:24:55.078312	2021-10-14 10:24:55.078312
674	2	Taller integrador de microeconomía	16	t	2021-10-14 10:24:55.078312	2021-10-14 10:24:55.078312
675	2	Contabilidad general	16	t	2021-10-14 10:24:55.078312	2021-10-14 10:24:55.078312
676	2	Matemáticas financieras 	16	t	2021-10-14 10:24:55.078312	2021-10-14 10:24:55.078312
677	2	Mercadotecnia	16	t	2021-10-14 10:24:55.078312	2021-10-14 10:24:55.078312
678	2	Microeconomía	16	t	2021-10-14 10:24:55.078312	2021-10-14 10:24:55.078312
679	2	Servicio social universitario II	16	t	2021-10-14 10:24:55.078312	2021-10-14 10:24:55.078312
680	2	Lengua extranjera II	16	t	2021-10-14 10:24:55.078312	2021-10-14 10:24:55.078312
681	2	Electiva II	16	t	2021-10-14 10:24:55.078312	2021-10-14 10:24:55.078312
682	3	Taller integrador de macroeconomía	16	t	2021-10-14 10:24:55.078312	2021-10-14 10:24:55.078312
683	3	Análisis financiero	16	t	2021-10-14 10:24:55.078312	2021-10-14 10:24:55.078312
684	3	Estadística	16	t	2021-10-14 10:24:55.078312	2021-10-14 10:24:55.078312
685	3	Investigación de mercados	16	t	2021-10-14 10:24:55.078312	2021-10-14 10:24:55.078312
686	3	Macroeconomía	16	t	2021-10-14 10:24:55.078312	2021-10-14 10:24:55.078312
687	3	Servicio social universitario III	16	t	2021-10-14 10:24:55.078312	2021-10-14 10:24:55.078312
688	3	Lengua extranjera III	16	t	2021-10-14 10:24:55.078312	2021-10-14 10:24:55.078312
689	3	Electiva III	16	t	2021-10-14 10:24:55.078312	2021-10-14 10:24:55.078312
690	4	Taller integrador de economía internacional	16	t	2021-10-14 10:24:55.078312	2021-10-14 10:24:55.078312
691	4	Finanzas corporativas I	16	t	2021-10-14 10:24:55.078312	2021-10-14 10:24:55.078312
692	4	Econometría básica	16	t	2021-10-14 10:24:55.078312	2021-10-14 10:24:55.078312
693	4	Derecho y economía	16	t	2021-10-14 10:24:55.078312	2021-10-14 10:24:55.078312
694	4	Economía internacional	16	t	2021-10-14 10:24:55.078312	2021-10-14 10:24:55.078312
695	4	Servicio social universitario IV 	16	t	2021-10-14 10:24:55.078312	2021-10-14 10:24:55.078312
696	4	Lengua extranjera IV	16	t	2021-10-14 10:24:55.078312	2021-10-14 10:24:55.078312
697	4	Electiva IV	16	t	2021-10-14 10:24:55.078312	2021-10-14 10:24:55.078312
698	5	Finanzas corporativas II	16	t	2021-10-14 10:24:55.078312	2021-10-14 10:24:55.078312
699	5	Planeación financiera	16	t	2021-10-14 10:24:55.078312	2021-10-14 10:24:55.078312
700	5	Regulación  del sistema financiero	16	t	2021-10-14 10:24:55.078312	2021-10-14 10:24:55.078312
701	5	Álgebra lineal y optimización	16	t	2021-10-14 10:24:55.078312	2021-10-14 10:24:55.078312
702	5	Taller integrador del sistema financiero	16	t	2021-10-14 10:24:55.078312	2021-10-14 10:24:55.078312
703	5	Servicio social universitario V	16	t	2021-10-14 10:24:55.078312	2021-10-14 10:24:55.078312
704	5	Optativa I	16	t	2021-10-14 10:24:55.078312	2021-10-14 10:24:55.078312
705	5	Optativa II	16	t	2021-10-14 10:24:55.078312	2021-10-14 10:24:55.078312
706	5	Electiva V	16	t	2021-10-14 10:24:55.078312	2021-10-14 10:24:55.078312
707	6	Derivados financieros 	16	t	2021-10-14 10:24:55.078312	2021-10-14 10:24:55.078312
708	6	Toma de decisiones de inversión	16	t	2021-10-14 10:24:55.078312	2021-10-14 10:24:55.078312
709	6	Teoría de política monetaria	16	t	2021-10-14 10:24:55.078312	2021-10-14 10:24:55.078312
710	6	Series de tiempo financieras	16	t	2021-10-14 10:24:55.078312	2021-10-14 10:24:55.078312
711	6	Talle integrador de derivados financieros	16	t	2021-10-14 10:24:55.078312	2021-10-14 10:24:55.078312
712	6	Servicio social constitucional	16	t	2021-10-14 10:24:55.078312	2021-10-14 10:24:55.078312
713	6	Servicio social universitario VI	16	t	2021-10-14 10:24:55.078312	2021-10-14 10:24:55.078312
714	6	Optativa III	16	t	2021-10-14 10:24:55.078312	2021-10-14 10:24:55.078312
715	6	Optativa IV	16	t	2021-10-14 10:24:55.078312	2021-10-14 10:24:55.078312
716	6	Electiva VI	16	t	2021-10-14 10:24:55.078312	2021-10-14 10:24:55.078312
717	7	Análisis de decisiones estratégicas	16	t	2021-10-14 10:24:55.078312	2021-10-14 10:24:55.078312
718	7	Seguros y fianzas	16	t	2021-10-14 10:24:55.078312	2021-10-14 10:24:55.078312
719	7	Administración bancaria	16	t	2021-10-14 10:24:55.078312	2021-10-14 10:24:55.078312
720	7	Dirección estratégica	16	t	2021-10-14 10:24:55.078312	2021-10-14 10:24:55.078312
721	7	Metodología de la investigación	16	t	2021-10-14 10:24:55.078312	2021-10-14 10:24:55.078312
722	7	Taller integrador de administración bancaria	16	t	2021-10-14 10:24:55.078312	2021-10-14 10:24:55.078312
723	7	Servicio social universitario VII	16	t	2021-10-14 10:24:55.078312	2021-10-14 10:24:55.078312
724	7	Optativa V	16	t	2021-10-14 10:24:55.078312	2021-10-14 10:24:55.078312
725	7	Optativa VI	16	t	2021-10-14 10:24:55.078312	2021-10-14 10:24:55.078312
726	7	Electiva VII	16	t	2021-10-14 10:24:55.078312	2021-10-14 10:24:55.078312
727	8	Sociedades de inversión	16	t	2021-10-14 10:24:55.078312	2021-10-14 10:24:55.078312
728	8	Administración de riesgos	16	t	2021-10-14 10:24:55.078312	2021-10-14 10:24:55.078312
729	8	Proyectos de inversión	16	t	2021-10-14 10:24:55.078312	2021-10-14 10:24:55.078312
730	8	Seminario de titulación	16	t	2021-10-14 10:24:55.078312	2021-10-14 10:24:55.078312
731	8	Práctica profesional 	16	t	2021-10-14 10:24:55.078312	2021-10-14 10:24:55.078312
732	8	Servicio social universitario VIII	16	t	2021-10-14 10:24:55.078312	2021-10-14 10:24:55.078312
733	8	Optativa VII	16	t	2021-10-14 10:24:55.078312	2021-10-14 10:24:55.078312
734	8	Electiva VIII	16	t	2021-10-14 10:24:55.078312	2021-10-14 10:24:55.078312
735	1	Cálculo diferencial e integral 	17	t	2021-10-14 10:24:55.078312	2021-10-14 10:24:55.078312
736	1	Taller integrador del sistema económico	17	t	2021-10-14 10:24:55.078312	2021-10-14 10:24:55.078312
737	1	Servicio social universitario	17	t	2021-10-14 10:24:55.078312	2021-10-14 10:24:55.078312
738	1	Introducción a la economía	17	t	2021-10-14 10:24:55.078312	2021-10-14 10:24:55.078312
739	1	Introducción a las finanzas	17	t	2021-10-14 10:24:55.078312	2021-10-14 10:24:55.078312
740	1	Introducción a los negocios internacionales	17	t	2021-10-14 10:24:55.078312	2021-10-14 10:24:55.078312
741	1	Lengua extranjera I	17	t	2021-10-14 10:24:55.078312	2021-10-14 10:24:55.078312
742	1	Electiva I	17	t	2021-10-14 10:24:55.078312	2021-10-14 10:24:55.078312
743	2	Matemáticas financieras 	17	t	2021-10-14 10:24:55.078312	2021-10-14 10:24:55.078312
744	2	Taller integrador de microeconomia	17	t	2021-10-14 10:24:55.078312	2021-10-14 10:24:55.078312
745	2	Servicio social universitario	17	t	2021-10-14 10:24:55.078312	2021-10-14 10:24:55.078312
746	2	Mercadotecnia	17	t	2021-10-14 10:24:55.078312	2021-10-14 10:24:55.078312
747	2	Microeconomía	17	t	2021-10-14 10:24:55.078312	2021-10-14 10:24:55.078312
748	2	Contabilidad general	17	t	2021-10-14 10:24:55.078312	2021-10-14 10:24:55.078312
749	2	Lengua extranjera II	17	t	2021-10-14 10:24:55.078312	2021-10-14 10:24:55.078312
750	2	Electiva II	17	t	2021-10-14 10:24:55.078312	2021-10-14 10:24:55.078312
751	3	Estadística	17	t	2021-10-14 10:24:55.078312	2021-10-14 10:24:55.078312
752	3	Taller integrador de macroeconomia	17	t	2021-10-14 10:24:55.078312	2021-10-14 10:24:55.078312
753	3	Servicio social universitario	17	t	2021-10-14 10:24:55.078312	2021-10-14 10:24:55.078312
754	3	Investigación de mercados	17	t	2021-10-14 10:24:55.078312	2021-10-14 10:24:55.078312
755	3	Macroeconomía	17	t	2021-10-14 10:24:55.078312	2021-10-14 10:24:55.078312
756	3	Análisis financiero	17	t	2021-10-14 10:24:55.078312	2021-10-14 10:24:55.078312
757	3	Lengua extranjera III	17	t	2021-10-14 10:24:55.078312	2021-10-14 10:24:55.078312
758	3	Electiva III	17	t	2021-10-14 10:24:55.078312	2021-10-14 10:24:55.078312
759	4	Econometría básica	17	t	2021-10-14 10:24:55.078312	2021-10-14 10:24:55.078312
760	4	Taller integrador de economía internacional	17	t	2021-10-14 10:24:55.078312	2021-10-14 10:24:55.078312
761	4	Servicio social universitario	17	t	2021-10-14 10:24:55.078312	2021-10-14 10:24:55.078312
762	4	Derecho y economía	17	t	2021-10-14 10:24:55.078312	2021-10-14 10:24:55.078312
763	4	Economía internacional	17	t	2021-10-14 10:24:55.078312	2021-10-14 10:24:55.078312
764	4	Finanzas corporativas	17	t	2021-10-14 10:24:55.078312	2021-10-14 10:24:55.078312
765	4	Lengua extranjera IV	17	t	2021-10-14 10:24:55.078312	2021-10-14 10:24:55.078312
766	4	Electiva IV	17	t	2021-10-14 10:24:55.078312	2021-10-14 10:24:55.078312
767	5	Gestión  de los negocios internacionales	17	t	2021-10-14 10:24:55.078312	2021-10-14 10:24:55.078312
768	5	Negociación	17	t	2021-10-14 10:24:55.078312	2021-10-14 10:24:55.078312
769	5	Taller integrador de gestión de los negocios internacionales	17	t	2021-10-14 10:24:55.078312	2021-10-14 10:24:55.078312
770	5	Servicio social universitario	17	t	2021-10-14 10:24:55.078312	2021-10-14 10:24:55.078312
771	5	Investigación de mercados internacionales	17	t	2021-10-14 10:24:55.078312	2021-10-14 10:24:55.078312
772	5	Cultura, economía y negocios en Europa	17	t	2021-10-14 10:24:55.078312	2021-10-14 10:24:55.078312
773	5	Gestión aduanal	17	t	2021-10-14 10:24:55.078312	2021-10-14 10:24:55.078312
774	5	Optativa de lengua extranjera I	17	t	2021-10-14 10:24:55.078312	2021-10-14 10:24:55.078312
775	5	Optativa I	17	t	2021-10-14 10:24:55.078312	2021-10-14 10:24:55.078312
776	5	Electiva V	17	t	2021-10-14 10:24:55.078312	2021-10-14 10:24:55.078312
777	6	Negocios internacionales	17	t	2021-10-14 10:24:55.078312	2021-10-14 10:24:55.078312
778	6	Cultura, economía y negocios en Asia	17	t	2021-10-14 10:24:55.078312	2021-10-14 10:24:55.078312
779	6	Taller integrador de negocios internacionales	17	t	2021-10-14 10:24:55.078312	2021-10-14 10:24:55.078312
780	6	Servicio social constitucional	17	t	2021-10-14 10:24:55.078312	2021-10-14 10:24:55.078312
781	6	Servicio social universitario	17	t	2021-10-14 10:24:55.078312	2021-10-14 10:24:55.078312
782	6	Mercadotecnia internacional	17	t	2021-10-14 10:24:55.078312	2021-10-14 10:24:55.078312
783	6	Logística de comercio exterior	17	t	2021-10-14 10:24:55.078312	2021-10-14 10:24:55.078312
784	6	Administración estratégica	17	t	2021-10-14 10:24:55.078312	2021-10-14 10:24:55.078312
785	6	Optativa de lengua extranjera II	17	t	2021-10-14 10:24:55.078312	2021-10-14 10:24:55.078312
786	6	Optativa II	17	t	2021-10-14 10:24:55.078312	2021-10-14 10:24:55.078312
787	6	Electiva VI	17	t	2021-10-14 10:24:55.078312	2021-10-14 10:24:55.078312
788	7	Comercio electrónico	17	t	2021-10-14 10:24:55.078312	2021-10-14 10:24:55.078312
789	7	Cultura, economía y negocios en América	17	t	2021-10-14 10:24:55.078312	2021-10-14 10:24:55.078312
790	7	Taller integrador de administración de empresas exportadoras	17	t	2021-10-14 10:24:55.078312	2021-10-14 10:24:55.078312
791	7	Servicio social universitario	17	t	2021-10-14 10:24:55.078312	2021-10-14 10:24:55.078312
792	7	Derecho aplicado en los negocios internacionales 	17	t	2021-10-14 10:24:55.078312	2021-10-14 10:24:55.078312
793	7	Dirección de marketing	17	t	2021-10-14 10:24:55.078312	2021-10-14 10:24:55.078312
794	7	Proyectos de inversión	17	t	2021-10-14 10:24:55.078312	2021-10-14 10:24:55.078312
795	7	Optativa de lengua extranjera III	17	t	2021-10-14 10:24:55.078312	2021-10-14 10:24:55.078312
796	7	Optativa III	17	t	2021-10-14 10:24:55.078312	2021-10-14 10:24:55.078312
797	7	Electiva VII	17	t	2021-10-14 10:24:55.078312	2021-10-14 10:24:55.078312
798	8	Plan de negocios internacionales	17	t	2021-10-14 10:24:55.078312	2021-10-14 10:24:55.078312
799	8	Plan de marketing y exportador	17	t	2021-10-14 10:24:55.078312	2021-10-14 10:24:55.078312
800	8	Optativa de lengua extranjera IV	17	t	2021-10-14 10:24:55.078312	2021-10-14 10:24:55.078312
801	8	Seminario de negocios	17	t	2021-10-14 10:24:55.078312	2021-10-14 10:24:55.078312
802	8	Práctica profesional 	17	t	2021-10-14 10:24:55.078312	2021-10-14 10:24:55.078312
803	8	Servicio social universitario	17	t	2021-10-14 10:24:55.078312	2021-10-14 10:24:55.078312
804	8	Optativa IV	17	t	2021-10-14 10:24:55.078312	2021-10-14 10:24:55.078312
805	8	Electiva VIII	17	t	2021-10-14 10:24:55.078312	2021-10-14 10:24:55.078312
806	8	Optativa V	17	t	2021-10-14 10:24:55.078312	2021-10-14 10:24:55.078312
807		Innovación, emprendimiento, marketing	18	t	2021-10-14 10:24:55.078312	2021-10-14 10:24:55.078312
808		Administración del talento	18	t	2021-10-14 10:24:55.078312	2021-10-14 10:24:55.078312
809		Creación de valor, investigación y tecnología	18	t	2021-10-14 10:24:55.078312	2021-10-14 10:24:55.078312
810		Creación de negocios	18	t	2021-10-14 10:24:55.078312	2021-10-14 10:24:55.078312
811		Trazabilidad y cadenas productivas	18	t	2021-10-14 10:24:55.078312	2021-10-14 10:24:55.078312
812		Administración financiera	18	t	2021-10-14 10:24:55.078312	2021-10-14 10:24:55.078312
813		Proyecto de negocios I	18	t	2021-10-14 10:24:55.078312	2021-10-14 10:24:55.078312
814		Economías regionales y globales	18	t	2021-10-14 10:24:55.078312	2021-10-14 10:24:55.078312
815		Análisis del mercado mundial	18	t	2021-10-14 10:24:55.078312	2021-10-14 10:24:55.078312
816		Proyecto de negocios II	18	t	2021-10-14 10:24:55.078312	2021-10-14 10:24:55.078312
817		Agentes económicos y políticos	18	t	2021-10-14 10:24:55.078312	2021-10-14 10:24:55.078312
818		Emprendimiento y políticas públicas	18	t	2021-10-14 10:24:55.078312	2021-10-14 10:24:55.078312
819		Optativa I	18	t	2021-10-14 10:24:55.078312	2021-10-14 10:24:55.078312
820		Optativa II	18	t	2021-10-14 10:24:55.078312	2021-10-14 10:24:55.078312
821		Optativa III	18	t	2021-10-14 10:24:55.078312	2021-10-14 10:24:55.078312
822		Optativa IV	18	t	2021-10-14 10:24:55.078312	2021-10-14 10:24:55.078312
823	1	Fundamentos de la administración pública	19	t	2021-10-14 10:24:55.078312	2021-10-14 10:24:55.078312
824	1	Teoría social	19	t	2021-10-14 10:24:55.078312	2021-10-14 10:24:55.078312
825	1	Estadística y construcción de indicadores	19	t	2021-10-14 10:24:55.078312	2021-10-14 10:24:55.078312
826	1	Bases jurídicas de la Administración Pública I	19	t	2021-10-14 10:24:55.078312	2021-10-14 10:24:55.078312
827	1	Desarrollo humano	19	t	2021-10-14 10:24:55.078312	2021-10-14 10:24:55.078312
828	1	Expresión oral y escrita	19	t	2021-10-14 10:24:55.078312	2021-10-14 10:24:55.078312
829	1	Inglés I	19	t	2021-10-14 10:24:55.078312	2021-10-14 10:24:55.078312
830	1	Electiva I	19	t	2021-10-14 10:24:55.078312	2021-10-14 10:24:55.078312
831	1	Servicio social universitario I 	19	t	2021-10-14 10:24:55.078312	2021-10-14 10:24:55.078312
832	2	Administración pública federal	19	t	2021-10-14 10:24:55.078312	2021-10-14 10:24:55.078312
833	2	Teoría política	19	t	2021-10-14 10:24:55.078312	2021-10-14 10:24:55.078312
834	2	Gobierno digital	19	t	2021-10-14 10:24:55.078312	2021-10-14 10:24:55.078312
835	2	Bases jurídicas de la Administración Pública II	19	t	2021-10-14 10:24:55.078312	2021-10-14 10:24:55.078312
836	2	Metodología de la investigación social	19	t	2021-10-14 10:24:55.078312	2021-10-14 10:24:55.078312
837	2	Ética pública	19	t	2021-10-14 10:24:55.078312	2021-10-14 10:24:55.078312
838	2	Inglés II	19	t	2021-10-14 10:24:55.078312	2021-10-14 10:24:55.078312
839	2	Electiva II	19	t	2021-10-14 10:24:55.078312	2021-10-14 10:24:55.078312
840	2	Servicio social universitario II	19	t	2021-10-14 10:24:55.078312	2021-10-14 10:24:55.078312
841	3	Administración pública estatal	19	t	2021-10-14 10:24:55.078312	2021-10-14 10:24:55.078312
842	3	Ciencia política I	19	t	2021-10-14 10:24:55.078312	2021-10-14 10:24:55.078312
843	3	Contexto socioeconómico de México	19	t	2021-10-14 10:24:55.078312	2021-10-14 10:24:55.078312
844	3	Bases jurídicas de la Administración Pública III	19	t	2021-10-14 10:24:55.078312	2021-10-14 10:24:55.078312
845	3	Técnicas de investigación cualitativas y cuantitativas	19	t	2021-10-14 10:24:55.078312	2021-10-14 10:24:55.078312
846	3	Sociedad mexicana I	19	t	2021-10-14 10:24:55.078312	2021-10-14 10:24:55.078312
847	3	Inglés III	19	t	2021-10-14 10:24:55.078312	2021-10-14 10:24:55.078312
848	3	Electiva III	19	t	2021-10-14 10:24:55.078312	2021-10-14 10:24:55.078312
849	3	Servicio social universitario III	19	t	2021-10-14 10:24:55.078312	2021-10-14 10:24:55.078312
850	4	Administración pública municipal	19	t	2021-10-14 10:24:55.078312	2021-10-14 10:24:55.078312
851	4	Ciencia política II	19	t	2021-10-14 10:24:55.078312	2021-10-14 10:24:55.078312
852	4	Análisis de estados financieros	19	t	2021-10-14 10:24:55.078312	2021-10-14 10:24:55.078312
853	4	Cultura de transparencia y rendición de cuentas	19	t	2021-10-14 10:24:55.078312	2021-10-14 10:24:55.078312
854	4	Oratoria y debate público	19	t	2021-10-14 10:24:55.078312	2021-10-14 10:24:55.078312
855	4	Sociedad mexicana II	19	t	2021-10-14 10:24:55.078312	2021-10-14 10:24:55.078312
856	4	Optativa de idioma I	19	t	2021-10-14 10:24:55.078312	2021-10-14 10:24:55.078312
857	4	Electiva IV	19	t	2021-10-14 10:24:55.078312	2021-10-14 10:24:55.078312
858	4	Servicio social universitario IV 	19	t	2021-10-14 10:24:55.078312	2021-10-14 10:24:55.078312
859	5	Introducción a las políticas públicas	19	t	2021-10-14 10:24:55.078312	2021-10-14 10:24:55.078312
860	5	Finanzas públicas	19	t	2021-10-14 10:24:55.078312	2021-10-14 10:24:55.078312
861	5	Sistema electoral y de partidos políticos en México	19	t	2021-10-14 10:24:55.078312	2021-10-14 10:24:55.078312
862	5	Geopolítica	19	t	2021-10-14 10:24:55.078312	2021-10-14 10:24:55.078312
863	5	Optativa de formación I	19	t	2021-10-14 10:24:55.078312	2021-10-14 10:24:55.078312
864	5	Optativa de formación II	19	t	2021-10-14 10:24:55.078312	2021-10-14 10:24:55.078312
865	5	Optativa de idiomas II	19	t	2021-10-14 10:24:55.078312	2021-10-14 10:24:55.078312
866	5	Electiva V	19	t	2021-10-14 10:24:55.078312	2021-10-14 10:24:55.078312
867	5	Servicio social universitario V	19	t	2021-10-14 10:24:55.078312	2021-10-14 10:24:55.078312
868	6	Taller de planeación para el desarrollo	19	t	2021-10-14 10:24:55.078312	2021-10-14 10:24:55.078312
869	6	Política exterior del Estado mexicano	19	t	2021-10-14 10:24:55.078312	2021-10-14 10:24:55.078312
870	6	Seminario de investigación I	19	t	2021-10-14 10:24:55.078312	2021-10-14 10:24:55.078312
871	6	Optativa de formación III	19	t	2021-10-14 10:24:55.078312	2021-10-14 10:24:55.078312
872	6	Optativa de formación IV	19	t	2021-10-14 10:24:55.078312	2021-10-14 10:24:55.078312
873	6	Optativa de formación V	19	t	2021-10-14 10:24:55.078312	2021-10-14 10:24:55.078312
874	6	Optativa de idiomas III	19	t	2021-10-14 10:24:55.078312	2021-10-14 10:24:55.078312
875	6	Electiva VI	19	t	2021-10-14 10:24:55.078312	2021-10-14 10:24:55.078312
876	6	Servicio social universitario VI	19	t	2021-10-14 10:24:55.078312	2021-10-14 10:24:55.078312
877	7	Gestión legislativa	19	t	2021-10-14 10:24:55.078312	2021-10-14 10:24:55.078312
878	7	Seminario de investigación II	19	t	2021-10-14 10:24:55.078312	2021-10-14 10:24:55.078312
879	7	Optativa de formación VI	19	t	2021-10-14 10:24:55.078312	2021-10-14 10:24:55.078312
880	7	Optativa de formación VII	19	t	2021-10-14 10:24:55.078312	2021-10-14 10:24:55.078312
881	7	Optativa de idiomas IV	19	t	2021-10-14 10:24:55.078312	2021-10-14 10:24:55.078312
882	7	Electiva VII	19	t	2021-10-14 10:24:55.078312	2021-10-14 10:24:55.078312
883	7	Servicio social universitario VII	19	t	2021-10-14 10:24:55.078312	2021-10-14 10:24:55.078312
884	7	Servicio social constitucional	19	t	2021-10-14 10:24:55.078312	2021-10-14 10:24:55.078312
885	8	Seminario de Investigación III	19	t	2021-10-14 10:24:55.078312	2021-10-14 10:24:55.078312
886	8	Optativa de formación VIII	19	t	2021-10-14 10:24:55.078312	2021-10-14 10:24:55.078312
887	8	Optativa de formación IX	19	t	2021-10-14 10:24:55.078312	2021-10-14 10:24:55.078312
888	8	Optativa de idiomas V	19	t	2021-10-14 10:24:55.078312	2021-10-14 10:24:55.078312
889	8	Electiva VIII	19	t	2021-10-14 10:24:55.078312	2021-10-14 10:24:55.078312
890	8	Servicio social universitario VIII	19	t	2021-10-14 10:24:55.078312	2021-10-14 10:24:55.078312
891	8	Práctica profesional 	19	t	2021-10-14 10:24:55.078312	2021-10-14 10:24:55.078312
892	1	Geografía política y económica 	20	t	2021-10-14 10:24:55.078312	2021-10-14 10:24:55.078312
893	1	Diversidad étnica y cultural en el mundo	20	t	2021-10-14 10:24:55.078312	2021-10-14 10:24:55.078312
894	1	De las revoluciones a las independencias	20	t	2021-10-14 10:24:55.078312	2021-10-14 10:24:55.078312
895	1	Fundamentos de economía	20	t	2021-10-14 10:24:55.078312	2021-10-14 10:24:55.078312
896	1	Expresión oral y escrita	20	t	2021-10-14 10:24:55.078312	2021-10-14 10:24:55.078312
897	1	Inglés I	20	t	2021-10-14 10:24:55.078312	2021-10-14 10:24:55.078312
898	1	Electiva I	20	t	2021-10-14 10:24:55.078312	2021-10-14 10:24:55.078312
899	1	Servicio social universitario I 	20	t	2021-10-14 10:24:55.078312	2021-10-14 10:24:55.078312
900	2	De los Estados a las organizaciones internacionales	20	t	2021-10-14 10:24:55.078312	2021-10-14 10:24:55.078312
901	2	Política exterior del Estado mexicano	20	t	2021-10-14 10:24:55.078312	2021-10-14 10:24:55.078312
902	2	Teoría política y social	20	t	2021-10-14 10:24:55.078312	2021-10-14 10:24:55.078312
903	2	Políticas económicas en México	20	t	2021-10-14 10:24:55.078312	2021-10-14 10:24:55.078312
904	2	Derecho constitucional mexicano	20	t	2021-10-14 10:24:55.078312	2021-10-14 10:24:55.078312
905	2	Inglés II	20	t	2021-10-14 10:24:55.078312	2021-10-14 10:24:55.078312
906	2	Electiva II	20	t	2021-10-14 10:24:55.078312	2021-10-14 10:24:55.078312
907	2	Servicio social universitario II	20	t	2021-10-14 10:24:55.078312	2021-10-14 10:24:55.078312
908	3	La Guerra Fría	20	t	2021-10-14 10:24:55.078312	2021-10-14 10:24:55.078312
909	3	Sistemas Políticos Comparados	20	t	2021-10-14 10:24:55.078312	2021-10-14 10:24:55.078312
910	3	Teoría de las relaciones internacionales I	20	t	2021-10-14 10:24:55.078312	2021-10-14 10:24:55.078312
911	3	Economía política internacional	20	t	2021-10-14 10:24:55.078312	2021-10-14 10:24:55.078312
912	3	Derecho internacional público	20	t	2021-10-14 10:24:55.078312	2021-10-14 10:24:55.078312
913	3	Inglés III	20	t	2021-10-14 10:24:55.078312	2021-10-14 10:24:55.078312
914	3	Electiva III	20	t	2021-10-14 10:24:55.078312	2021-10-14 10:24:55.078312
915	3	Servicio social universitario III	20	t	2021-10-14 10:24:55.078312	2021-10-14 10:24:55.078312
916	4	Los actores del sistema internacional	20	t	2021-10-14 10:24:55.078312	2021-10-14 10:24:55.078312
917	4	Teoría de las relaciones internacionales II	20	t	2021-10-14 10:24:55.078312	2021-10-14 10:24:55.078312
918	4	Modelos de desarrollo económico comparados	20	t	2021-10-14 10:24:55.078312	2021-10-14 10:24:55.078312
919	4	Derecho internacional privado	20	t	2021-10-14 10:24:55.078312	2021-10-14 10:24:55.078312
920	4	Seminario de ética y derechos humanos en las relaciones internacionales	20	t	2021-10-14 10:24:55.078312	2021-10-14 10:24:55.078312
921	4	Optativa de idiomas I	20	t	2021-10-14 10:24:55.078312	2021-10-14 10:24:55.078312
922	4	Electiva IV	20	t	2021-10-14 10:24:55.078312	2021-10-14 10:24:55.078312
923	4	Servicio social universitario IV 	20	t	2021-10-14 10:24:55.078312	2021-10-14 10:24:55.078312
924	5	Conflictos internacionales contemporáneos	20	t	2021-10-14 10:24:55.078312	2021-10-14 10:24:55.078312
925	5	Cooperación internacional	20	t	2021-10-14 10:24:55.078312	2021-10-14 10:24:55.078312
926	5	Negociación política y económica	20	t	2021-10-14 10:24:55.078312	2021-10-14 10:24:55.078312
927	5	Estadística aplicada a las Relaciones Internacionales	20	t	2021-10-14 10:24:55.078312	2021-10-14 10:24:55.078312
928	5	Seminario sobre la región Asia-Pacífico I	20	t	2021-10-14 10:24:55.078312	2021-10-14 10:24:55.078312
929	5	Optativa de idiomas II	20	t	2021-10-14 10:24:55.078312	2021-10-14 10:24:55.078312
930	5	Electiva V	20	t	2021-10-14 10:24:55.078312	2021-10-14 10:24:55.078312
931	5	Servicio social universitario V	20	t	2021-10-14 10:24:55.078312	2021-10-14 10:24:55.078312
932	6	Procesos de integración regional	20	t	2021-10-14 10:24:55.078312	2021-10-14 10:24:55.078312
933	6	Seminario de metodología y técnicas de investigación	20	t	2021-10-14 10:24:55.078312	2021-10-14 10:24:55.078312
934	6	Seminario sobre la región de Asia-Pacífico II	20	t	2021-10-14 10:24:55.078312	2021-10-14 10:24:55.078312
935	6	Optativa de formación I	20	t	2021-10-14 10:24:55.078312	2021-10-14 10:24:55.078312
936	6	Optativa de formación II	20	t	2021-10-14 10:24:55.078312	2021-10-14 10:24:55.078312
937	6	Optativa de formación III	20	t	2021-10-14 10:24:55.078312	2021-10-14 10:24:55.078312
938	6	Optativa de idiomas III	20	t	2021-10-14 10:24:55.078312	2021-10-14 10:24:55.078312
939	6	Electiva VI	20	t	2021-10-14 10:24:55.078312	2021-10-14 10:24:55.078312
940	6	Servicio social universitario VI	20	t	2021-10-14 10:24:55.078312	2021-10-14 10:24:55.078312
941	7	Seminario de investigación e intervención I	20	t	2021-10-14 10:24:55.078312	2021-10-14 10:24:55.078312
942	7	Seminario sobre la región de Asia-Pacífico III	20	t	2021-10-14 10:24:55.078312	2021-10-14 10:24:55.078312
943	7	Seminario sobre la evolución del sistema mundial	20	t	2021-10-14 10:24:55.078312	2021-10-14 10:24:55.078312
944	7	Optativa de formación IV	20	t	2021-10-14 10:24:55.078312	2021-10-14 10:24:55.078312
945	7	Optativa de idiomas IV	20	t	2021-10-14 10:24:55.078312	2021-10-14 10:24:55.078312
946	7	Electiva VII	20	t	2021-10-14 10:24:55.078312	2021-10-14 10:24:55.078312
947	7	Servicio social constitucional	20	t	2021-10-14 10:24:55.078312	2021-10-14 10:24:55.078312
948	7	Servicio social universitario VII	20	t	2021-10-14 10:24:55.078312	2021-10-14 10:24:55.078312
949	8	Seminario de investigación e intervención II	20	t	2021-10-14 10:24:55.078312	2021-10-14 10:24:55.078312
950	8	Seminario sobre la región de Asia-Pacífico IV	20	t	2021-10-14 10:24:55.078312	2021-10-14 10:24:55.078312
951	8	Optativa de formación V	20	t	2021-10-14 10:24:55.078312	2021-10-14 10:24:55.078312
952	8	Optativa de formación VI	20	t	2021-10-14 10:24:55.078312	2021-10-14 10:24:55.078312
953	8	Optativa de idiomas V	20	t	2021-10-14 10:24:55.078312	2021-10-14 10:24:55.078312
954	8	Electiva VIII	20	t	2021-10-14 10:24:55.078312	2021-10-14 10:24:55.078312
955	8	Práctica profesional 	20	t	2021-10-14 10:24:55.078312	2021-10-14 10:24:55.078312
956	8	Servicio social universitario VIII	20	t	2021-10-14 10:24:55.078312	2021-10-14 10:24:55.078312
957		Teoría social clásica	21	t	2021-10-14 10:24:55.078312	2021-10-14 10:24:55.078312
958		Teoría social contemporánea	21	t	2021-10-14 10:24:55.078312	2021-10-14 10:24:55.078312
959		Metodología cualitativa de la investigación social	21	t	2021-10-14 10:24:55.078312	2021-10-14 10:24:55.078312
960		Metodologia cuantitativa de la investigation social	21	t	2021-10-14 10:24:55.078312	2021-10-14 10:24:55.078312
961		Escritura academica	21	t	2021-10-14 10:24:55.078312	2021-10-14 10:24:55.078312
962		Seminario de investigación I	21	t	2021-10-14 10:24:55.078312	2021-10-14 10:24:55.078312
963		Seminario de investigación II	21	t	2021-10-14 10:24:55.078312	2021-10-14 10:24:55.078312
964		Seminario de investigación III 	21	t	2021-10-14 10:24:55.078312	2021-10-14 10:24:55.078312
965		Seminario de investigación IV	21	t	2021-10-14 10:24:55.078312	2021-10-14 10:24:55.078312
966		Seminario de investigación V	21	t	2021-10-14 10:24:55.078312	2021-10-14 10:24:55.078312
967		Seminario de investigación VI	21	t	2021-10-14 10:24:55.078312	2021-10-14 10:24:55.078312
968		Seminario de investigación VII	21	t	2021-10-14 10:24:55.078312	2021-10-14 10:24:55.078312
969		Seminario de investigación VIII	21	t	2021-10-14 10:24:55.078312	2021-10-14 10:24:55.078312
970		Teorías de la cultura {Optativa}	21	t	2021-10-14 10:24:55.078312	2021-10-14 10:24:55.078312
971		Estudios sobre comunicación {Optativa}	21	t	2021-10-14 10:24:55.078312	2021-10-14 10:24:55.078312
972		Introducción a los estudios de género {Optativa}	21	t	2021-10-14 10:24:55.078312	2021-10-14 10:24:55.078312
973		Antropología histórica y márgenes interdisciplinarios {Optativa}	21	t	2021-10-14 10:24:55.078312	2021-10-14 10:24:55.078312
974		Procesos identitarios, poder y actores sociales {Optativa}	21	t	2021-10-14 10:24:55.078312	2021-10-14 10:24:55.078312
975		Globalización y procesos locales {Optativa}	21	t	2021-10-14 10:24:55.078312	2021-10-14 10:24:55.078312
976		Estudios de las tecnologías de la información y comunicación {Optativa}	21	t	2021-10-14 10:24:55.078312	2021-10-14 10:24:55.078312
977		Estudios de migración {Optativa}	21	t	2021-10-14 10:24:55.078312	2021-10-14 10:24:55.078312
978		Metodología de la ciencia política y las relaciones internacionales {Optativa}	21	t	2021-10-14 10:24:55.078312	2021-10-14 10:24:55.078312
979		La evolución del estado y el orden internacional del siglo XX {Optativa}	21	t	2021-10-14 10:24:55.078312	2021-10-14 10:24:55.078312
980		El estado y el orden internacional de la posguerra fría {Optativa}	21	t	2021-10-14 10:24:55.078312	2021-10-14 10:24:55.078312
981		Teoría de la sociedad civil {Optativa}	21	t	2021-10-14 10:24:55.078312	2021-10-14 10:24:55.078312
982		Práctica de la sociedad civil: organización y movimientos {Optativa}	21	t	2021-10-14 10:24:55.078312	2021-10-14 10:24:55.078312
983		Teoría de la democracia {Optativa}	21	t	2021-10-14 10:24:55.078312	2021-10-14 10:24:55.078312
984		Sistemas políticos comparados {Optativa}	21	t	2021-10-14 10:24:55.078312	2021-10-14 10:24:55.078312
985		Problemas de la nueva agenda internacional {Optativa}	21	t	2021-10-14 10:24:55.078312	2021-10-14 10:24:55.078312
986		Documentos y archivos {Optativa}	21	t	2021-10-14 10:24:55.078312	2021-10-14 10:24:55.078312
987		Saber histórico y debate epistemológico en la modernidad {Optativa}	21	t	2021-10-14 10:24:55.078312	2021-10-14 10:24:55.078312
988		Historiografía con método crítico {Optativa}	21	t	2021-10-14 10:24:55.078312	2021-10-14 10:24:55.078312
989		Historia intelectual {Optativa}	21	t	2021-10-14 10:24:55.078312	2021-10-14 10:24:55.078312
990		Ciudad y espacio en la historia {Optativa}	21	t	2021-10-14 10:24:55.078312	2021-10-14 10:24:55.078312
991		Modernidad, independencia y construcción de estados {Optativa}	21	t	2021-10-14 10:24:55.078312	2021-10-14 10:24:55.078312
992		Prensa y redes intelectuales {Optativa}	21	t	2021-10-14 10:24:55.078312	2021-10-14 10:24:55.078312
993		Revoluciones, guerras, genocidios e ideologías del siglo XX {Optativa}	21	t	2021-10-14 10:24:55.078312	2021-10-14 10:24:55.078312
994		Teorías del símbolo {Optativa}	21	t	2021-10-14 10:24:55.078312	2021-10-14 10:24:55.078312
995		Análisis lingüístico y literario {Optativa}	21	t	2021-10-14 10:24:55.078312	2021-10-14 10:24:55.078312
996		Hermenéutica, ciencias sociales y literatura {Optativa}	21	t	2021-10-14 10:24:55.078312	2021-10-14 10:24:55.078312
997		Literatura, historia y sociedad {Optativa}	21	t	2021-10-14 10:24:55.078312	2021-10-14 10:24:55.078312
998		Familia, clase y género {Optativa}	21	t	2021-10-14 10:24:55.078312	2021-10-14 10:24:55.078312
999		Literatura, tradición y estudios regionales {Optativa}	21	t	2021-10-14 10:24:55.078312	2021-10-14 10:24:55.078312
1000		Literatura y vida {Optativa}	21	t	2021-10-14 10:24:55.078312	2021-10-14 10:24:55.078312
1001		Literatura y medios de comunicación {Optativa}	21	t	2021-10-14 10:24:55.078312	2021-10-14 10:24:55.078312
1002	1	Metodología y\ttécnicas de la investigación jurídica	22	t	2021-10-14 10:24:55.078312	2021-10-14 10:24:55.078312
1003	1	Sociología jurídica	22	t	2021-10-14 10:24:55.078312	2021-10-14 10:24:55.078312
1004	1	Historia del derecho mexicano	22	t	2021-10-14 10:24:55.078312	2021-10-14 10:24:55.078312
1005	1	Derecho romano	22	t	2021-10-14 10:24:55.078312	2021-10-14 10:24:55.078312
1006	1	Derecho de las personas y de la familia	22	t	2021-10-14 10:24:55.078312	2021-10-14 10:24:55.078312
1007	1	Teoría del derecho I	22	t	2021-10-14 10:24:55.078312	2021-10-14 10:24:55.078312
1008	1	Inglés I	22	t	2021-10-14 10:24:55.078312	2021-10-14 10:24:55.078312
1009	1	Electiva I	22	t	2021-10-14 10:24:55.078312	2021-10-14 10:24:55.078312
1010	1	Servicio social universitario I 	22	t	2021-10-14 10:24:55.078312	2021-10-14 10:24:55.078312
1011	2	Lógica jurídica, dialéctica y retórica	22	t	2021-10-14 10:24:55.078312	2021-10-14 10:24:55.078312
1012	2	Derecho penal: parte general	22	t	2021-10-14 10:24:55.078312	2021-10-14 10:24:55.078312
1013	2	Teoría general del proceso 	22	t	2021-10-14 10:24:55.078312	2021-10-14 10:24:55.078312
1014	2	Teoría del Estado 	22	t	2021-10-14 10:24:55.078312	2021-10-14 10:24:55.078312
1015	2	Bienes y derechos reales	22	t	2021-10-14 10:24:55.078312	2021-10-14 10:24:55.078312
1016	2	Teoría del derecho II	22	t	2021-10-14 10:24:55.078312	2021-10-14 10:24:55.078312
1017	2	Inglés II	22	t	2021-10-14 10:24:55.078312	2021-10-14 10:24:55.078312
1018	2	Electiva II	22	t	2021-10-14 10:24:55.078312	2021-10-14 10:24:55.078312
1019	2	Servicio social universitario II	22	t	2021-10-14 10:24:55.078312	2021-10-14 10:24:55.078312
1020	3	Argumentación jurídica	22	t	2021-10-14 10:24:55.078312	2021-10-14 10:24:55.078312
1021	3	Derecho penal: delitos en particular	22	t	2021-10-14 10:24:55.078312	2021-10-14 10:24:55.078312
1022	3	Derecho procesal civil y mercantil I	22	t	2021-10-14 10:24:55.078312	2021-10-14 10:24:55.078312
1023	3	Introducción al derecho mercantil y operadores del comercio	22	t	2021-10-14 10:24:55.078312	2021-10-14 10:24:55.078312
1024	3	Derecho de las obligaciones	22	t	2021-10-14 10:24:55.078312	2021-10-14 10:24:55.078312
1025	3	Teoría de la constitución	22	t	2021-10-14 10:24:55.078312	2021-10-14 10:24:55.078312
1026	3	Inglés III	22	t	2021-10-14 10:24:55.078312	2021-10-14 10:24:55.078312
1027	3	Electiva III	22	t	2021-10-14 10:24:55.078312	2021-10-14 10:24:55.078312
1028	3	Servicio social universitario III	22	t	2021-10-14 10:24:55.078312	2021-10-14 10:24:55.078312
1029	4	Derecho procesal penal	22	t	2021-10-14 10:24:55.078312	2021-10-14 10:24:55.078312
1030	4	Derecho procesal civil y mercantil II	22	t	2021-10-14 10:24:55.078312	2021-10-14 10:24:55.078312
1031	4	Títulos y operaciones de crédito	22	t	2021-10-14 10:24:55.078312	2021-10-14 10:24:55.078312
1032	4	Contratos civiles y mercantiles	22	t	2021-10-14 10:24:55.078312	2021-10-14 10:24:55.078312
1033	4	Derecho constitucional mexicano	22	t	2021-10-14 10:24:55.078312	2021-10-14 10:24:55.078312
1034	4	Optativa I	22	t	2021-10-14 10:24:55.078312	2021-10-14 10:24:55.078312
1035	4	Inglés IV	22	t	2021-10-14 10:24:55.078312	2021-10-14 10:24:55.078312
1036	4	Electiva IV	22	t	2021-10-14 10:24:55.078312	2021-10-14 10:24:55.078312
1037	4	Servicio social universitario IV 	22	t	2021-10-14 10:24:55.078312	2021-10-14 10:24:55.078312
1038	5	Derecho individual del trabajo	22	t	2021-10-14 10:24:55.078312	2021-10-14 10:24:55.078312
1039	5	Derecho de la administración pública	22	t	2021-10-14 10:24:55.078312	2021-10-14 10:24:55.078312
1040	5	Derecho de las sociedades y concursos mercantiles	22	t	2021-10-14 10:24:55.078312	2021-10-14 10:24:55.078312
1041	5	Derecho de las sucesiones	22	t	2021-10-14 10:24:55.078312	2021-10-14 10:24:55.078312
1042	5	Derechos humanos y sus garantías	22	t	2021-10-14 10:24:55.078312	2021-10-14 10:24:55.078312
1043	5	Optativa II	22	t	2021-10-14 10:24:55.078312	2021-10-14 10:24:55.078312
1044	5	Inglés V	22	t	2021-10-14 10:24:55.078312	2021-10-14 10:24:55.078312
1045	5	Electiva V	22	t	2021-10-14 10:24:55.078312	2021-10-14 10:24:55.078312
1046	5	Servicio social universitario V	22	t	2021-10-14 10:24:55.078312	2021-10-14 10:24:55.078312
1047	6	Filosofía del derecho	22	t	2021-10-14 10:24:55.078312	2021-10-14 10:24:55.078312
1048	6	Derecho colectivo y procesal del trabajo	22	t	2021-10-14 10:24:55.078312	2021-10-14 10:24:55.078312
1049	6	Procedimiento administrativo	22	t	2021-10-14 10:24:55.078312	2021-10-14 10:24:55.078312
1050	6	Derecho de amparo	22	t	2021-10-14 10:24:55.078312	2021-10-14 10:24:55.078312
1051	6	Medios alternos de solución de controversias	22	t	2021-10-14 10:24:55.078312	2021-10-14 10:24:55.078312
1052	6	Optativa III	22	t	2021-10-14 10:24:55.078312	2021-10-14 10:24:55.078312
1053	6	Inglés VI	22	t	2021-10-14 10:24:55.078312	2021-10-14 10:24:55.078312
1054	6	Electiva VI	22	t	2021-10-14 10:24:55.078312	2021-10-14 10:24:55.078312
1055	6	Servicio social universitario VI	22	t	2021-10-14 10:24:55.078312	2021-10-14 10:24:55.078312
1056	6	Servicio social constitucional	22	t	2021-10-14 10:24:55.078312	2021-10-14 10:24:55.078312
1057	7	Ética jurídica y justicia	22	t	2021-10-14 10:24:55.078312	2021-10-14 10:24:55.078312
1058	7	Derecho internacional público	22	t	2021-10-14 10:24:55.078312	2021-10-14 10:24:55.078312
1059	7	Derecho fiscal	22	t	2021-10-14 10:24:55.078312	2021-10-14 10:24:55.078312
1060	7	Derecho procesal de amparo	22	t	2021-10-14 10:24:55.078312	2021-10-14 10:24:55.078312
1061	7	Derecho procesal constitucional	22	t	2021-10-14 10:24:55.078312	2021-10-14 10:24:55.078312
1062	7	Optativa IV	22	t	2021-10-14 10:24:55.078312	2021-10-14 10:24:55.078312
1063	7	Optativa de idiomas I	22	t	2021-10-14 10:24:55.078312	2021-10-14 10:24:55.078312
1064	7	Electiva VII	22	t	2021-10-14 10:24:55.078312	2021-10-14 10:24:55.078312
1065	7	Servicio social universitario VII	22	t	2021-10-14 10:24:55.078312	2021-10-14 10:24:55.078312
1066	7	Práctica profesional 	22	t	2021-10-14 10:24:55.078312	2021-10-14 10:24:55.078312
1067	8	Seminario de investigación jurídica I	22	t	2021-10-14 10:24:55.078312	2021-10-14 10:24:55.078312
1068	8	Derecho internacional privado	22	t	2021-10-14 10:24:55.078312	2021-10-14 10:24:55.078312
1069	8	Casos de derecho público y social I	22	t	2021-10-14 10:24:55.078312	2021-10-14 10:24:55.078312
1070	8	Casos de derecho privado I	22	t	2021-10-14 10:24:55.078312	2021-10-14 10:24:55.078312
1071	8	Litigación oral	22	t	2021-10-14 10:24:55.078312	2021-10-14 10:24:55.078312
1072	8	Optativa V	22	t	2021-10-14 10:24:55.078312	2021-10-14 10:24:55.078312
1073	8	Optativa de idiomas II	22	t	2021-10-14 10:24:55.078312	2021-10-14 10:24:55.078312
1074	8	Electiva VIII	22	t	2021-10-14 10:24:55.078312	2021-10-14 10:24:55.078312
1075	8	Servicio social universitario VIII	22	t	2021-10-14 10:24:55.078312	2021-10-14 10:24:55.078312
1076	9	Seminario de investigación jurídica II	22	t	2021-10-14 10:24:55.078312	2021-10-14 10:24:55.078312
1077	9	Derecho agrario	22	t	2021-10-14 10:24:55.078312	2021-10-14 10:24:55.078312
1078	9	Casos de derecho público y social II	22	t	2021-10-14 10:24:55.078312	2021-10-14 10:24:55.078312
1079	9	Casos de derecho privado II	22	t	2021-10-14 10:24:55.078312	2021-10-14 10:24:55.078312
1080	9	Optativa VI	22	t	2021-10-14 10:24:55.078312	2021-10-14 10:24:55.078312
1081	9	Optativa VII	22	t	2021-10-14 10:24:55.078312	2021-10-14 10:24:55.078312
1082	9	Optativa de idiomas III	22	t	2021-10-14 10:24:55.078312	2021-10-14 10:24:55.078312
1083	9	Electiva IX	22	t	2021-10-14 10:24:55.078312	2021-10-14 10:24:55.078312
1084	9	Servicio social universitario IX	22	t	2021-10-14 10:24:55.078312	2021-10-14 10:24:55.078312
1085		Ética jurídica	23	t	2021-10-14 10:24:55.078312	2021-10-14 10:24:55.078312
1086		Interpretación y argumentación jurídica	23	t	2021-10-14 10:24:55.078312	2021-10-14 10:24:55.078312
1087		Medios alternativos de solución de conflictos	23	t	2021-10-14 10:24:55.078312	2021-10-14 10:24:55.078312
1088		Pensamiento jurídico contemporáneo	23	t	2021-10-14 10:24:55.078312	2021-10-14 10:24:55.078312
1089		Sistemas jurídicos	23	t	2021-10-14 10:24:55.078312	2021-10-14 10:24:55.078312
1090		Sistemas procesales	23	t	2021-10-14 10:24:55.078312	2021-10-14 10:24:55.078312
1091		Técnicas y habilidades de litigación oral	23	t	2021-10-14 10:24:55.078312	2021-10-14 10:24:55.078312
1092		Teoría de los derechos humanos	23	t	2021-10-14 10:24:55.078312	2021-10-14 10:24:55.078312
1093		Argumentación en los derechos humanos y control de convencionalidad {Optativa}	23	t	2021-10-14 10:24:55.078312	2021-10-14 10:24:55.078312
1094		Decisiones judiciales en materia familiar {Optativa}	23	t	2021-10-14 10:24:55.078312	2021-10-14 10:24:55.078312
1095		Derecho de amparo en materia familiar {Optativa}	23	t	2021-10-14 10:24:55.078312	2021-10-14 10:24:55.078312
1096		Derecho de menores {Optativa}	23	t	2021-10-14 10:24:55.078312	2021-10-14 10:24:55.078312
1097		Derechos humanos en el derecho familiar {Optativa}	23	t	2021-10-14 10:24:55.078312	2021-10-14 10:24:55.078312
1098		Derechos humanos en el sistema de justicia penal acusatorio {Optativa}	23	t	2021-10-14 10:24:55.078312	2021-10-14 10:24:55.078312
1099		Derechos humanos en el sistema jurídico mexicano {Optativa}	23	t	2021-10-14 10:24:55.078312	2021-10-14 10:24:55.078312
1100		Derechos procesal familiar {Optativa}	23	t	2021-10-14 10:24:55.078312	2021-10-14 10:24:55.078312
1101		Fuentes del derecho internacional de los derechos humanos {Optativa}	23	t	2021-10-14 10:24:55.078312	2021-10-14 10:24:55.078312
1102		Instituciones del derecho familiar y sus implicaciones {Optativa}	23	t	2021-10-14 10:24:55.078312	2021-10-14 10:24:55.078312
1103		Juicio de amparo en materia penal {Optativa}	23	t	2021-10-14 10:24:55.078312	2021-10-14 10:24:55.078312
1104		Litigio de alto impacto {Optativa}	23	t	2021-10-14 10:24:55.078312	2021-10-14 10:24:55.078312
1105		Naturaleza y fuentes de los derechos humanos {Optativa}	23	t	2021-10-14 10:24:55.078312	2021-10-14 10:24:55.078312
1106		Sistema de justicia penal acusatorio {Optativa}	23	t	2021-10-14 10:24:55.078312	2021-10-14 10:24:55.078312
1107		Sistema penal internacional {Optativa}	23	t	2021-10-14 10:24:55.078312	2021-10-14 10:24:55.078312
1108		Sistemas de protección de derechos humanos I {Optativa}	23	t	2021-10-14 10:24:55.078312	2021-10-14 10:24:55.078312
1109		Sistemas de protección de derechos humanos II {Optativa}	23	t	2021-10-14 10:24:55.078312	2021-10-14 10:24:55.078312
1110		Sistemas penales contemporáneos {Optativa}	23	t	2021-10-14 10:24:55.078312	2021-10-14 10:24:55.078312
1111		Técnicas y habilidades de litigación oral en materia penal {Optativa}	23	t	2021-10-14 10:24:55.078312	2021-10-14 10:24:55.078312
1112		Teoría del delito {Optativa}	23	t	2021-10-14 10:24:55.078312	2021-10-14 10:24:55.078312
1113		Teoría del derecho familiar {Optativa}	23	t	2021-10-14 10:24:55.078312	2021-10-14 10:24:55.078312
1114		Seminario de investigación I	24	t	2021-10-14 10:24:55.078312	2021-10-14 10:24:55.078312
1115		Seminario temático I	24	t	2021-10-14 10:24:55.078312	2021-10-14 10:24:55.078312
1116		Seminario de investigación II	24	t	2021-10-14 10:24:55.078312	2021-10-14 10:24:55.078312
1117		Seminario temático II	24	t	2021-10-14 10:24:55.078312	2021-10-14 10:24:55.078312
1118		Seminario de investigación III	24	t	2021-10-14 10:24:55.078312	2021-10-14 10:24:55.078312
1119		Seminario temático III	24	t	2021-10-14 10:24:55.078312	2021-10-14 10:24:55.078312
1120		Seminario de investigación IV 	24	t	2021-10-14 10:24:55.078312	2021-10-14 10:24:55.078312
1121		Seminario temático IV	24	t	2021-10-14 10:24:55.078312	2021-10-14 10:24:55.078312
1122		Seminario de investigación V	24	t	2021-10-14 10:24:55.078312	2021-10-14 10:24:55.078312
1123		Seminario de investigación VI	24	t	2021-10-14 10:24:55.078312	2021-10-14 10:24:55.078312
\.


--
-- Data for Name: permisos; Type: TABLE DATA; Schema: catalogos; Owner: postgres
--

COPY catalogos.permisos (id, id_role, resource, action, attributes) FROM stdin;
1	2	solicitud	create:own	*,!autor
2	2	solicitud	delete:own	*
3	2	solicitud	update:own	*, !id_usuario
4	2	solicitud	read:any	*,!precio
5	6	solicitud	read:own	*
\.


--
-- Data for Name: planteles; Type: TABLE DATA; Schema: catalogos; Owner: postgres
--

COPY catalogos.planteles (id, clave, nombre, visible, fecha_creacion, fecha_modificacion, id_biblioteca) FROM stdin;
1	71200	Facultad de Contabilidad y Administración	t	2021-10-14 10:24:53.762176	2021-10-14 10:24:53.762176	1
2	70900	Facultad de Telemática	t	2021-10-14 10:24:53.762176	2021-10-14 10:24:53.762176	1
3	72200	Facultad de Pedagogía	t	2021-10-14 10:24:54.955369	2021-10-14 10:24:54.955369	2
4	72300	Facultad de Economía	t	2021-10-14 10:24:54.955369	2021-10-14 10:24:54.955369	2
5	71100	Facultad de Ciencias Políticas y Sociales	t	2021-10-14 10:24:54.955369	2021-10-14 10:24:54.955369	3
6	71300	Facultad de Derecho	t	2021-10-14 10:24:54.955369	2021-10-14 10:24:54.955369	3
\.


--
-- Data for Name: roles; Type: TABLE DATA; Schema: catalogos; Owner: postgres
--

COPY catalogos.roles (id, nombre, descripcion) FROM stdin;
1	desarrollo	Desarrollador del sistema
2	admin	Administrador del sistema
3	compras	Responsable de compras
4	plantel	Responsable o coordinador del plantel
5	biblioteca	Responsable de biblioteca o bibliotecario
6	usuario	Perfil básico
\.


--
-- Data for Name: ubicaciones; Type: TABLE DATA; Schema: catalogos; Owner: postgres
--

COPY catalogos.ubicaciones (id, id_usuario, id_plantel, id_carrera, id_materia, predeterminada, visible, fecha_creacion, fecha_modificacion) FROM stdin;
1	1	1	1	1	f	t	2021-10-14 10:24:53.98028	2021-10-14 10:24:53.98028
2	1	2	8	82	t	t	2021-10-14 10:24:53.98028	2021-10-14 10:24:53.98028
\.


--
-- Data for Name: usuarios; Type: TABLE DATA; Schema: catalogos; Owner: postgres
--

COPY catalogos.usuarios (id, nombre, apellidos, usuario, clave_acceso, avatar, visible, fecha_creacion, fecha_modificacion, id_rol, id_biblioteca, id_funcion, id_plantel) FROM stdin;
3	Responsable	De Compras	compras	hash-md5	https://www.gravatar.com/avatar/380cababdba6262b2b739ff3874c43a2?s=200&identicon	t	2021-10-14 10:24:54.844321	2021-10-14 10:24:54.844321	3	\N	3	1
4	Responsable	de Biblioteca	biblioteca	hash-md5	https://www.gravatar.com/avatar/380cababdba6262b2b739ff3874c43a2?s=200&identicon	t	2021-10-14 10:24:54.844321	2021-10-14 10:24:54.844321	5	\N	6	1
5	Fernando	De Jesus Ceballos	fceballos	hash-md5	https://www.gravatar.com/avatar/380cababdba6262b2b739ff3874c43a2?s=200&identicon	t	2021-10-14 10:24:54.844321	2021-10-14 10:24:54.844321	1	\N	1	1
1	Octavio Irineo	Paz Lozano	opaz	hash-md5	https://www.gravatar.com/avatar/380cababdba6262b2b739ff3874c43a2?s=200&identicon	t	2021-10-14 10:24:53.701482	2021-10-14 10:24:53.701482	6	\N	9	1
2	Sofía	Ortiz	sortiz	hash-md5	https://www.gravatar.com/avatar/8ccd82c5d462f9cf67cf7ac4246d3a3e?s=200&identicon	t	2021-10-14 10:24:53.701482	2021-10-14 10:24:53.701482	6	\N	9	1
\.


--
-- Data for Name: event_invocation_logs; Type: TABLE DATA; Schema: hdb_catalog; Owner: postgres
--

COPY hdb_catalog.event_invocation_logs (id, event_id, status, request, response, created_at) FROM stdin;
\.


--
-- Data for Name: event_log; Type: TABLE DATA; Schema: hdb_catalog; Owner: postgres
--

COPY hdb_catalog.event_log (id, schema_name, table_name, trigger_name, payload, delivered, error, tries, created_at, locked, next_retry_at) FROM stdin;
\.


--
-- Data for Name: event_triggers; Type: TABLE DATA; Schema: hdb_catalog; Owner: postgres
--

COPY hdb_catalog.event_triggers (name, type, schema_name, table_name, configuration, comment) FROM stdin;
\.


--
-- Data for Name: hdb_allowlist; Type: TABLE DATA; Schema: hdb_catalog; Owner: postgres
--

COPY hdb_catalog.hdb_allowlist (collection_name) FROM stdin;
\.


--
-- Data for Name: hdb_function; Type: TABLE DATA; Schema: hdb_catalog; Owner: postgres
--

COPY hdb_catalog.hdb_function (function_schema, function_name, is_system_defined) FROM stdin;
\.


--
-- Data for Name: hdb_permission; Type: TABLE DATA; Schema: hdb_catalog; Owner: postgres
--

COPY hdb_catalog.hdb_permission (table_schema, table_name, role_name, perm_type, perm_def, comment, is_system_defined) FROM stdin;
\.


--
-- Data for Name: hdb_query_collection; Type: TABLE DATA; Schema: hdb_catalog; Owner: postgres
--

COPY hdb_catalog.hdb_query_collection (collection_name, collection_defn, comment, is_system_defined) FROM stdin;
\.


--
-- Data for Name: hdb_relationship; Type: TABLE DATA; Schema: hdb_catalog; Owner: postgres
--

COPY hdb_catalog.hdb_relationship (table_schema, table_name, rel_name, rel_type, rel_def, comment, is_system_defined) FROM stdin;
hdb_catalog	hdb_table	detail	object	{"manual_configuration": {"remote_table": {"name": "tables", "schema": "information_schema"}, "column_mapping": {"table_name": "table_name", "table_schema": "table_schema"}}}	\N	t
hdb_catalog	hdb_table	primary_key	object	{"manual_configuration": {"remote_table": {"name": "hdb_primary_key", "schema": "hdb_catalog"}, "column_mapping": {"table_name": "table_name", "table_schema": "table_schema"}}}	\N	t
hdb_catalog	hdb_table	columns	array	{"manual_configuration": {"remote_table": {"name": "columns", "schema": "information_schema"}, "column_mapping": {"table_name": "table_name", "table_schema": "table_schema"}}}	\N	t
hdb_catalog	hdb_table	foreign_key_constraints	array	{"manual_configuration": {"remote_table": {"name": "hdb_foreign_key_constraint", "schema": "hdb_catalog"}, "column_mapping": {"table_name": "table_name", "table_schema": "table_schema"}}}	\N	t
hdb_catalog	hdb_table	relationships	array	{"manual_configuration": {"remote_table": {"name": "hdb_relationship", "schema": "hdb_catalog"}, "column_mapping": {"table_name": "table_name", "table_schema": "table_schema"}}}	\N	t
hdb_catalog	hdb_table	permissions	array	{"manual_configuration": {"remote_table": {"name": "hdb_permission_agg", "schema": "hdb_catalog"}, "column_mapping": {"table_name": "table_name", "table_schema": "table_schema"}}}	\N	t
hdb_catalog	hdb_table	check_constraints	array	{"manual_configuration": {"remote_table": {"name": "hdb_check_constraint", "schema": "hdb_catalog"}, "column_mapping": {"table_name": "table_name", "table_schema": "table_schema"}}}	\N	t
hdb_catalog	hdb_table	unique_constraints	array	{"manual_configuration": {"remote_table": {"name": "hdb_unique_constraint", "schema": "hdb_catalog"}, "column_mapping": {"table_name": "table_name", "table_schema": "table_schema"}}}	\N	t
hdb_catalog	event_log	trigger	object	{"manual_configuration": {"remote_table": {"name": "event_triggers", "schema": "hdb_catalog"}, "column_mapping": {"trigger_name": "name"}}}	\N	t
hdb_catalog	event_triggers	events	array	{"manual_configuration": {"remote_table": {"name": "event_log", "schema": "hdb_catalog"}, "column_mapping": {"name": "trigger_name"}}}	\N	t
hdb_catalog	event_invocation_logs	event	object	{"foreign_key_constraint_on": "event_id"}	\N	t
hdb_catalog	event_log	logs	array	{"foreign_key_constraint_on": {"table": {"name": "event_invocation_logs", "schema": "hdb_catalog"}, "column": "event_id"}}	\N	t
hdb_catalog	hdb_function_agg	return_table_info	object	{"manual_configuration": {"remote_table": {"name": "hdb_table", "schema": "hdb_catalog"}, "column_mapping": {"return_type_name": "table_name", "return_type_schema": "table_schema"}}}	\N	t
adquisiciones	solicitudes	ubicacione	object	{"foreign_key_constraint_on": "id_ubicacion"}	\N	f
adquisiciones	solicitudes	usuario	object	{"foreign_key_constraint_on": "id_usuario"}	\N	f
adquisiciones	solicitudes	estatus	object	{"foreign_key_constraint_on": "id_estatus"}	\N	f
adquisiciones	solicitudes	solicitudes_historials	array	{"foreign_key_constraint_on": {"table": {"name": "solicitudes_historial", "schema": "adquisiciones"}, "column": "id_solicitud"}}	\N	f
catalogos	funciones	usuarios	array	{"foreign_key_constraint_on": {"table": {"name": "usuarios", "schema": "catalogos"}, "column": "id_funcion"}}	\N	f
adquisiciones	carrito	usuario	object	{"foreign_key_constraint_on": "id_usuario"}	\N	f
catalogos	carreras	plantele	object	{"foreign_key_constraint_on": "id_plantel"}	\N	f
catalogos	carreras	materias	array	{"foreign_key_constraint_on": {"table": {"name": "materias", "schema": "catalogos"}, "column": "id_carrera"}}	\N	f
catalogos	carreras	ubicaciones	array	{"foreign_key_constraint_on": {"table": {"name": "ubicaciones", "schema": "catalogos"}, "column": "id_carrera"}}	\N	f
catalogos	roles	permisos	array	{"foreign_key_constraint_on": {"table": {"name": "permisos", "schema": "catalogos"}, "column": "id_role"}}	\N	f
catalogos	roles	usuarios	array	{"foreign_key_constraint_on": {"table": {"name": "usuarios", "schema": "catalogos"}, "column": "id_rol"}}	\N	f
catalogos	materias	carrera	object	{"foreign_key_constraint_on": "id_carrera"}	\N	f
catalogos	materias	ubicaciones	array	{"foreign_key_constraint_on": {"table": {"name": "ubicaciones", "schema": "catalogos"}, "column": "id_materia"}}	\N	f
catalogos	bibliotecas	planteles	array	{"foreign_key_constraint_on": {"table": {"name": "planteles", "schema": "catalogos"}, "column": "id_biblioteca"}}	\N	f
catalogos	bibliotecas	usuarios	array	{"foreign_key_constraint_on": {"table": {"name": "usuarios", "schema": "catalogos"}, "column": "id_biblioteca"}}	\N	f
adquisiciones	solicitudes_historial	usuario	object	{"foreign_key_constraint_on": "id_usuario"}	\N	f
adquisiciones	solicitudes_historial	solicitude	object	{"foreign_key_constraint_on": "id_solicitud"}	\N	f
catalogos	planteles	biblioteca	object	{"foreign_key_constraint_on": "id_biblioteca"}	\N	f
catalogos	planteles	carreras	array	{"foreign_key_constraint_on": {"table": {"name": "carreras", "schema": "catalogos"}, "column": "id_plantel"}}	\N	f
catalogos	planteles	ubicaciones	array	{"foreign_key_constraint_on": {"table": {"name": "ubicaciones", "schema": "catalogos"}, "column": "id_plantel"}}	\N	f
catalogos	planteles	usuarios	array	{"foreign_key_constraint_on": {"table": {"name": "usuarios", "schema": "catalogos"}, "column": "id_plantel"}}	\N	f
catalogos	correos	usuario	object	{"foreign_key_constraint_on": "id_usuario"}	\N	f
catalogos	usuarios	funcione	object	{"foreign_key_constraint_on": "id_funcion"}	\N	f
catalogos	usuarios	biblioteca	object	{"foreign_key_constraint_on": "id_biblioteca"}	\N	f
catalogos	usuarios	role	object	{"foreign_key_constraint_on": "id_rol"}	\N	f
catalogos	usuarios	plantele	object	{"foreign_key_constraint_on": "id_plantel"}	\N	f
catalogos	usuarios	ubicaciones	array	{"foreign_key_constraint_on": {"table": {"name": "ubicaciones", "schema": "catalogos"}, "column": "id_usuario"}}	\N	f
catalogos	usuarios	correos	array	{"foreign_key_constraint_on": {"table": {"name": "correos", "schema": "catalogos"}, "column": "id_usuario"}}	\N	f
catalogos	usuarios	solicitudes	array	{"foreign_key_constraint_on": {"table": {"name": "solicitudes", "schema": "adquisiciones"}, "column": "id_usuario"}}	\N	f
catalogos	usuarios	solicitudes_historials	array	{"foreign_key_constraint_on": {"table": {"name": "solicitudes_historial", "schema": "adquisiciones"}, "column": "id_usuario"}}	\N	f
catalogos	usuarios	carritos	array	{"foreign_key_constraint_on": {"table": {"name": "carrito", "schema": "adquisiciones"}, "column": "id_usuario"}}	\N	f
catalogos	permisos	role	object	{"foreign_key_constraint_on": "id_role"}	\N	f
adquisiciones	estatus	solicitudes	array	{"foreign_key_constraint_on": {"table": {"name": "solicitudes", "schema": "adquisiciones"}, "column": "id_estatus"}}	\N	f
catalogos	ubicaciones	carrera	object	{"foreign_key_constraint_on": "id_carrera"}	\N	f
catalogos	ubicaciones	materia	object	{"foreign_key_constraint_on": "id_materia"}	\N	f
catalogos	ubicaciones	plantele	object	{"foreign_key_constraint_on": "id_plantel"}	\N	f
catalogos	ubicaciones	usuario	object	{"foreign_key_constraint_on": "id_usuario"}	\N	f
catalogos	ubicaciones	solicitudes	array	{"foreign_key_constraint_on": {"table": {"name": "solicitudes", "schema": "adquisiciones"}, "column": "id_ubicacion"}}	\N	f
\.


--
-- Data for Name: hdb_schema_update_event; Type: TABLE DATA; Schema: hdb_catalog; Owner: postgres
--

COPY hdb_catalog.hdb_schema_update_event (instance_id, occurred_at) FROM stdin;
77f51a9e-4eda-4b37-9111-c37d0d221fe3	2021-10-14 10:24:57.698263-05
\.


--
-- Data for Name: hdb_table; Type: TABLE DATA; Schema: hdb_catalog; Owner: postgres
--

COPY hdb_catalog.hdb_table (table_schema, table_name, is_system_defined, is_enum) FROM stdin;
hdb_catalog	hdb_table	t	f
information_schema	tables	t	f
information_schema	schemata	t	f
information_schema	views	t	f
hdb_catalog	hdb_primary_key	t	f
information_schema	columns	t	f
hdb_catalog	hdb_foreign_key_constraint	t	f
hdb_catalog	hdb_relationship	t	f
hdb_catalog	hdb_permission_agg	t	f
hdb_catalog	hdb_check_constraint	t	f
hdb_catalog	hdb_unique_constraint	t	f
hdb_catalog	event_triggers	t	f
hdb_catalog	event_log	t	f
hdb_catalog	event_invocation_logs	t	f
hdb_catalog	hdb_function_agg	t	f
hdb_catalog	hdb_function	t	f
hdb_catalog	remote_schemas	t	f
hdb_catalog	hdb_version	t	f
hdb_catalog	hdb_query_collection	t	f
hdb_catalog	hdb_allowlist	t	f
adquisiciones	solicitudes	f	f
catalogos	funciones	f	f
adquisiciones	carrito	f	f
catalogos	carreras	f	f
catalogos	roles	f	f
adquisiciones	accion_detalle	f	f
catalogos	materias	f	f
adquisiciones	motivo_rechazo	f	f
catalogos	bibliotecas	f	f
adquisiciones	solicitudes_historial	f	f
catalogos	planteles	f	f
catalogos	correos	f	f
catalogos	usuarios	f	f
catalogos	permisos	f	f
adquisiciones	estatus	f	f
catalogos	ubicaciones	f	f
\.


--
-- Data for Name: hdb_version; Type: TABLE DATA; Schema: hdb_catalog; Owner: postgres
--

COPY hdb_catalog.hdb_version (hasura_uuid, version, upgraded_on, cli_state, console_state) FROM stdin;
4174d718-ff4d-405b-b01b-29c5f6554a1b	22	2021-10-14 10:20:32.715727-05	{}	{}
\.


--
-- Data for Name: remote_schemas; Type: TABLE DATA; Schema: hdb_catalog; Owner: postgres
--

COPY hdb_catalog.remote_schemas (id, name, definition, comment) FROM stdin;
\.


--
-- Data for Name: knex_migrations; Type: TABLE DATA; Schema: public; Owner: postgres
--

COPY public.knex_migrations (id, name, batch, migration_time) FROM stdin;
1	20190926161134_crear_catalogos.js	1	2021-10-14 10:24:50.298-05
2	20200617140421_crear_adquisiciones_carrito.js	1	2021-10-14 10:24:50.639-05
3	20201016174518_crear_solicitudes_historial.js	1	2021-10-14 10:24:52.016-05
4	20201017110421_crear_usuario_roles.js	1	2021-10-14 10:24:53.229-05
5	20201017130512_modificar_usuario_agregar_token.js	1	2021-10-14 10:24:53.238-05
6	20210209120531_crear_usuario_funciones.js	1	2021-10-14 10:24:53.383-05
7	20210519160100_carrito_checker_default_false.js	1	2021-10-14 10:24:53.386-05
8	202105281611_carrito_checker_default_true.js	1	2021-10-14 10:24:53.389-05
9	202106021159_enalazarRolesUsuarios.js	1	2021-10-14 10:24:53.39-05
10	202106021245_rolesUsuarioV2.js	1	2021-10-14 10:24:53.392-05
11	20210621154458_bugfix_sequencias.js	1	2021-10-14 10:24:53.395-05
12	20211001081452_add_usuarios_id_plantel.js	1	2021-10-14 10:24:53.399-05
\.


--
-- Data for Name: knex_migrations_lock; Type: TABLE DATA; Schema: public; Owner: postgres
--

COPY public.knex_migrations_lock (index, is_locked) FROM stdin;
1	0
\.


--
-- Name: accion_detalle_id_seq; Type: SEQUENCE SET; Schema: adquisiciones; Owner: postgres
--

SELECT pg_catalog.setval('adquisiciones.accion_detalle_id_seq', 3, true);


--
-- Name: carrito_id_seq; Type: SEQUENCE SET; Schema: adquisiciones; Owner: postgres
--

SELECT pg_catalog.setval('adquisiciones.carrito_id_seq', 1, false);


--
-- Name: estatus_id_seq; Type: SEQUENCE SET; Schema: adquisiciones; Owner: postgres
--

SELECT pg_catalog.setval('adquisiciones.estatus_id_seq', 7, true);


--
-- Name: motivo_rechazo_id_seq; Type: SEQUENCE SET; Schema: adquisiciones; Owner: postgres
--

SELECT pg_catalog.setval('adquisiciones.motivo_rechazo_id_seq', 10, true);


--
-- Name: solicitudes_historial_id_seq; Type: SEQUENCE SET; Schema: adquisiciones; Owner: postgres
--

SELECT pg_catalog.setval('adquisiciones.solicitudes_historial_id_seq', 1, false);


--
-- Name: solicitudes_id_seq; Type: SEQUENCE SET; Schema: adquisiciones; Owner: postgres
--

SELECT pg_catalog.setval('adquisiciones.solicitudes_id_seq', 1, false);


--
-- Name: bibliotecas_id_seq; Type: SEQUENCE SET; Schema: catalogos; Owner: postgres
--

SELECT pg_catalog.setval('catalogos.bibliotecas_id_seq', 3, true);


--
-- Name: carreras_id_seq; Type: SEQUENCE SET; Schema: catalogos; Owner: postgres
--

SELECT pg_catalog.setval('catalogos.carreras_id_seq', 24, true);


--
-- Name: correos_id_seq; Type: SEQUENCE SET; Schema: catalogos; Owner: postgres
--

SELECT pg_catalog.setval('catalogos.correos_id_seq', 5, true);


--
-- Name: funciones_id_seq; Type: SEQUENCE SET; Schema: catalogos; Owner: postgres
--

SELECT pg_catalog.setval('catalogos.funciones_id_seq', 9, true);


--
-- Name: materias_id_seq; Type: SEQUENCE SET; Schema: catalogos; Owner: postgres
--

SELECT pg_catalog.setval('catalogos.materias_id_seq', 1123, true);


--
-- Name: permisos_id_seq; Type: SEQUENCE SET; Schema: catalogos; Owner: postgres
--

SELECT pg_catalog.setval('catalogos.permisos_id_seq', 5, true);


--
-- Name: planteles_id_seq; Type: SEQUENCE SET; Schema: catalogos; Owner: postgres
--

SELECT pg_catalog.setval('catalogos.planteles_id_seq', 6, true);


--
-- Name: roles_id_seq; Type: SEQUENCE SET; Schema: catalogos; Owner: postgres
--

SELECT pg_catalog.setval('catalogos.roles_id_seq', 6, true);


--
-- Name: ubicaciones_id_seq; Type: SEQUENCE SET; Schema: catalogos; Owner: postgres
--

SELECT pg_catalog.setval('catalogos.ubicaciones_id_seq', 2, true);


--
-- Name: usuarios_id_seq; Type: SEQUENCE SET; Schema: catalogos; Owner: postgres
--

SELECT pg_catalog.setval('catalogos.usuarios_id_seq', 5, true);


--
-- Name: remote_schemas_id_seq; Type: SEQUENCE SET; Schema: hdb_catalog; Owner: postgres
--

SELECT pg_catalog.setval('hdb_catalog.remote_schemas_id_seq', 1, false);


--
-- Name: knex_migrations_id_seq; Type: SEQUENCE SET; Schema: public; Owner: postgres
--

SELECT pg_catalog.setval('public.knex_migrations_id_seq', 12, true);


--
-- Name: knex_migrations_lock_index_seq; Type: SEQUENCE SET; Schema: public; Owner: postgres
--

SELECT pg_catalog.setval('public.knex_migrations_lock_index_seq', 1, true);


--
-- Name: accion_detalle accion_detalle_pkey; Type: CONSTRAINT; Schema: adquisiciones; Owner: postgres
--

ALTER TABLE ONLY adquisiciones.accion_detalle
    ADD CONSTRAINT accion_detalle_pkey PRIMARY KEY (id);


--
-- Name: carrito carrito_pkey; Type: CONSTRAINT; Schema: adquisiciones; Owner: postgres
--

ALTER TABLE ONLY adquisiciones.carrito
    ADD CONSTRAINT carrito_pkey PRIMARY KEY (id);


--
-- Name: estatus estatus_pkey; Type: CONSTRAINT; Schema: adquisiciones; Owner: postgres
--

ALTER TABLE ONLY adquisiciones.estatus
    ADD CONSTRAINT estatus_pkey PRIMARY KEY (id);


--
-- Name: motivo_rechazo motivo_rechazo_pkey; Type: CONSTRAINT; Schema: adquisiciones; Owner: postgres
--

ALTER TABLE ONLY adquisiciones.motivo_rechazo
    ADD CONSTRAINT motivo_rechazo_pkey PRIMARY KEY (id);


--
-- Name: solicitudes_historial solicitudes_historial_pkey; Type: CONSTRAINT; Schema: adquisiciones; Owner: postgres
--

ALTER TABLE ONLY adquisiciones.solicitudes_historial
    ADD CONSTRAINT solicitudes_historial_pkey PRIMARY KEY (id);


--
-- Name: solicitudes solicitudes_pkey; Type: CONSTRAINT; Schema: adquisiciones; Owner: postgres
--

ALTER TABLE ONLY adquisiciones.solicitudes
    ADD CONSTRAINT solicitudes_pkey PRIMARY KEY (id);


--
-- Name: bibliotecas bibliotecas_pkey; Type: CONSTRAINT; Schema: catalogos; Owner: postgres
--

ALTER TABLE ONLY catalogos.bibliotecas
    ADD CONSTRAINT bibliotecas_pkey PRIMARY KEY (id);


--
-- Name: carreras carreras_pkey; Type: CONSTRAINT; Schema: catalogos; Owner: postgres
--

ALTER TABLE ONLY catalogos.carreras
    ADD CONSTRAINT carreras_pkey PRIMARY KEY (id);


--
-- Name: correos correos_pkey; Type: CONSTRAINT; Schema: catalogos; Owner: postgres
--

ALTER TABLE ONLY catalogos.correos
    ADD CONSTRAINT correos_pkey PRIMARY KEY (id);


--
-- Name: funciones funciones_pkey; Type: CONSTRAINT; Schema: catalogos; Owner: postgres
--

ALTER TABLE ONLY catalogos.funciones
    ADD CONSTRAINT funciones_pkey PRIMARY KEY (id);


--
-- Name: materias materias_pkey; Type: CONSTRAINT; Schema: catalogos; Owner: postgres
--

ALTER TABLE ONLY catalogos.materias
    ADD CONSTRAINT materias_pkey PRIMARY KEY (id);


--
-- Name: permisos permisos_pkey; Type: CONSTRAINT; Schema: catalogos; Owner: postgres
--

ALTER TABLE ONLY catalogos.permisos
    ADD CONSTRAINT permisos_pkey PRIMARY KEY (id);


--
-- Name: planteles planteles_pkey; Type: CONSTRAINT; Schema: catalogos; Owner: postgres
--

ALTER TABLE ONLY catalogos.planteles
    ADD CONSTRAINT planteles_pkey PRIMARY KEY (id);


--
-- Name: roles roles_pkey; Type: CONSTRAINT; Schema: catalogos; Owner: postgres
--

ALTER TABLE ONLY catalogos.roles
    ADD CONSTRAINT roles_pkey PRIMARY KEY (id);


--
-- Name: ubicaciones ubicaciones_pkey; Type: CONSTRAINT; Schema: catalogos; Owner: postgres
--

ALTER TABLE ONLY catalogos.ubicaciones
    ADD CONSTRAINT ubicaciones_pkey PRIMARY KEY (id);


--
-- Name: usuarios usuarios_pkey; Type: CONSTRAINT; Schema: catalogos; Owner: postgres
--

ALTER TABLE ONLY catalogos.usuarios
    ADD CONSTRAINT usuarios_pkey PRIMARY KEY (id);


--
-- Name: event_invocation_logs event_invocation_logs_pkey; Type: CONSTRAINT; Schema: hdb_catalog; Owner: postgres
--

ALTER TABLE ONLY hdb_catalog.event_invocation_logs
    ADD CONSTRAINT event_invocation_logs_pkey PRIMARY KEY (id);


--
-- Name: event_log event_log_pkey; Type: CONSTRAINT; Schema: hdb_catalog; Owner: postgres
--

ALTER TABLE ONLY hdb_catalog.event_log
    ADD CONSTRAINT event_log_pkey PRIMARY KEY (id);


--
-- Name: event_triggers event_triggers_pkey; Type: CONSTRAINT; Schema: hdb_catalog; Owner: postgres
--

ALTER TABLE ONLY hdb_catalog.event_triggers
    ADD CONSTRAINT event_triggers_pkey PRIMARY KEY (name);


--
-- Name: hdb_allowlist hdb_allowlist_collection_name_key; Type: CONSTRAINT; Schema: hdb_catalog; Owner: postgres
--

ALTER TABLE ONLY hdb_catalog.hdb_allowlist
    ADD CONSTRAINT hdb_allowlist_collection_name_key UNIQUE (collection_name);


--
-- Name: hdb_function hdb_function_pkey; Type: CONSTRAINT; Schema: hdb_catalog; Owner: postgres
--

ALTER TABLE ONLY hdb_catalog.hdb_function
    ADD CONSTRAINT hdb_function_pkey PRIMARY KEY (function_schema, function_name);


--
-- Name: hdb_permission hdb_permission_pkey; Type: CONSTRAINT; Schema: hdb_catalog; Owner: postgres
--

ALTER TABLE ONLY hdb_catalog.hdb_permission
    ADD CONSTRAINT hdb_permission_pkey PRIMARY KEY (table_schema, table_name, role_name, perm_type);


--
-- Name: hdb_query_collection hdb_query_collection_pkey; Type: CONSTRAINT; Schema: hdb_catalog; Owner: postgres
--

ALTER TABLE ONLY hdb_catalog.hdb_query_collection
    ADD CONSTRAINT hdb_query_collection_pkey PRIMARY KEY (collection_name);


--
-- Name: hdb_relationship hdb_relationship_pkey; Type: CONSTRAINT; Schema: hdb_catalog; Owner: postgres
--

ALTER TABLE ONLY hdb_catalog.hdb_relationship
    ADD CONSTRAINT hdb_relationship_pkey PRIMARY KEY (table_schema, table_name, rel_name);


--
-- Name: hdb_table hdb_table_pkey; Type: CONSTRAINT; Schema: hdb_catalog; Owner: postgres
--

ALTER TABLE ONLY hdb_catalog.hdb_table
    ADD CONSTRAINT hdb_table_pkey PRIMARY KEY (table_schema, table_name);


--
-- Name: hdb_version hdb_version_pkey; Type: CONSTRAINT; Schema: hdb_catalog; Owner: postgres
--

ALTER TABLE ONLY hdb_catalog.hdb_version
    ADD CONSTRAINT hdb_version_pkey PRIMARY KEY (hasura_uuid);


--
-- Name: remote_schemas remote_schemas_name_key; Type: CONSTRAINT; Schema: hdb_catalog; Owner: postgres
--

ALTER TABLE ONLY hdb_catalog.remote_schemas
    ADD CONSTRAINT remote_schemas_name_key UNIQUE (name);


--
-- Name: remote_schemas remote_schemas_pkey; Type: CONSTRAINT; Schema: hdb_catalog; Owner: postgres
--

ALTER TABLE ONLY hdb_catalog.remote_schemas
    ADD CONSTRAINT remote_schemas_pkey PRIMARY KEY (id);


--
-- Name: knex_migrations_lock knex_migrations_lock_pkey; Type: CONSTRAINT; Schema: public; Owner: postgres
--

ALTER TABLE ONLY public.knex_migrations_lock
    ADD CONSTRAINT knex_migrations_lock_pkey PRIMARY KEY (index);


--
-- Name: knex_migrations knex_migrations_pkey; Type: CONSTRAINT; Schema: public; Owner: postgres
--

ALTER TABLE ONLY public.knex_migrations
    ADD CONSTRAINT knex_migrations_pkey PRIMARY KEY (id);


--
-- Name: accion_detalle_descripcion_index; Type: INDEX; Schema: adquisiciones; Owner: postgres
--

CREATE INDEX accion_detalle_descripcion_index ON adquisiciones.accion_detalle USING btree (descripcion);


--
-- Name: accion_detalle_id_index; Type: INDEX; Schema: adquisiciones; Owner: postgres
--

CREATE INDEX accion_detalle_id_index ON adquisiciones.accion_detalle USING btree (id);


--
-- Name: carrito_id_index; Type: INDEX; Schema: adquisiciones; Owner: postgres
--

CREATE INDEX carrito_id_index ON adquisiciones.carrito USING btree (id);


--
-- Name: carrito_id_usuario_index; Type: INDEX; Schema: adquisiciones; Owner: postgres
--

CREATE INDEX carrito_id_usuario_index ON adquisiciones.carrito USING btree (id_usuario);


--
-- Name: motivo_rechazo_descripcion_index; Type: INDEX; Schema: adquisiciones; Owner: postgres
--

CREATE INDEX motivo_rechazo_descripcion_index ON adquisiciones.motivo_rechazo USING btree (descripcion);


--
-- Name: motivo_rechazo_id_index; Type: INDEX; Schema: adquisiciones; Owner: postgres
--

CREATE INDEX motivo_rechazo_id_index ON adquisiciones.motivo_rechazo USING btree (id);


--
-- Name: solicitudes_historial_fecha_index; Type: INDEX; Schema: adquisiciones; Owner: postgres
--

CREATE INDEX solicitudes_historial_fecha_index ON adquisiciones.solicitudes_historial USING btree (fecha);


--
-- Name: solicitudes_historial_id_index; Type: INDEX; Schema: adquisiciones; Owner: postgres
--

CREATE INDEX solicitudes_historial_id_index ON adquisiciones.solicitudes_historial USING btree (id);


--
-- Name: solicitudes_historial_id_solicitud_index; Type: INDEX; Schema: adquisiciones; Owner: postgres
--

CREATE INDEX solicitudes_historial_id_solicitud_index ON adquisiciones.solicitudes_historial USING btree (id_solicitud);


--
-- Name: solicitudes_historial_id_usuario_index; Type: INDEX; Schema: adquisiciones; Owner: postgres
--

CREATE INDEX solicitudes_historial_id_usuario_index ON adquisiciones.solicitudes_historial USING btree (id_usuario);


--
-- Name: solicitudes_id_index; Type: INDEX; Schema: adquisiciones; Owner: postgres
--

CREATE INDEX solicitudes_id_index ON adquisiciones.solicitudes USING btree (id);


--
-- Name: solicitudes_id_ubicacion_index; Type: INDEX; Schema: adquisiciones; Owner: postgres
--

CREATE INDEX solicitudes_id_ubicacion_index ON adquisiciones.solicitudes USING btree (id_ubicacion);


--
-- Name: solicitudes_titulo_index; Type: INDEX; Schema: adquisiciones; Owner: postgres
--

CREATE INDEX solicitudes_titulo_index ON adquisiciones.solicitudes USING btree (titulo);


--
-- Name: bibliotecas_id_index; Type: INDEX; Schema: catalogos; Owner: postgres
--

CREATE INDEX bibliotecas_id_index ON catalogos.bibliotecas USING btree (id);


--
-- Name: carreras_clave_index; Type: INDEX; Schema: catalogos; Owner: postgres
--

CREATE INDEX carreras_clave_index ON catalogos.carreras USING btree (clave);


--
-- Name: carreras_nombre_index; Type: INDEX; Schema: catalogos; Owner: postgres
--

CREATE INDEX carreras_nombre_index ON catalogos.carreras USING btree (nombre);


--
-- Name: correos_correo_index; Type: INDEX; Schema: catalogos; Owner: postgres
--

CREATE INDEX correos_correo_index ON catalogos.correos USING btree (correo);


--
-- Name: correos_id_usuario_index; Type: INDEX; Schema: catalogos; Owner: postgres
--

CREATE INDEX correos_id_usuario_index ON catalogos.correos USING btree (id_usuario);


--
-- Name: materias_nombre_index; Type: INDEX; Schema: catalogos; Owner: postgres
--

CREATE INDEX materias_nombre_index ON catalogos.materias USING btree (nombre);


--
-- Name: permisos_id_index; Type: INDEX; Schema: catalogos; Owner: postgres
--

CREATE INDEX permisos_id_index ON catalogos.permisos USING btree (id);


--
-- Name: permisos_id_role_index; Type: INDEX; Schema: catalogos; Owner: postgres
--

CREATE INDEX permisos_id_role_index ON catalogos.permisos USING btree (id_role);


--
-- Name: permisos_resource_index; Type: INDEX; Schema: catalogos; Owner: postgres
--

CREATE INDEX permisos_resource_index ON catalogos.permisos USING btree (resource);


--
-- Name: planteles_clave_index; Type: INDEX; Schema: catalogos; Owner: postgres
--

CREATE INDEX planteles_clave_index ON catalogos.planteles USING btree (clave);


--
-- Name: planteles_nombre_index; Type: INDEX; Schema: catalogos; Owner: postgres
--

CREATE INDEX planteles_nombre_index ON catalogos.planteles USING btree (nombre);


--
-- Name: roles_id_index; Type: INDEX; Schema: catalogos; Owner: postgres
--

CREATE INDEX roles_id_index ON catalogos.roles USING btree (id);


--
-- Name: ubicaciones_id_carrera_index; Type: INDEX; Schema: catalogos; Owner: postgres
--

CREATE INDEX ubicaciones_id_carrera_index ON catalogos.ubicaciones USING btree (id_carrera);


--
-- Name: ubicaciones_id_materia_index; Type: INDEX; Schema: catalogos; Owner: postgres
--

CREATE INDEX ubicaciones_id_materia_index ON catalogos.ubicaciones USING btree (id_materia);


--
-- Name: ubicaciones_id_plantel_index; Type: INDEX; Schema: catalogos; Owner: postgres
--

CREATE INDEX ubicaciones_id_plantel_index ON catalogos.ubicaciones USING btree (id_plantel);


--
-- Name: ubicaciones_id_usuario_index; Type: INDEX; Schema: catalogos; Owner: postgres
--

CREATE INDEX ubicaciones_id_usuario_index ON catalogos.ubicaciones USING btree (id_usuario);


--
-- Name: usuarios_apellidos_index; Type: INDEX; Schema: catalogos; Owner: postgres
--

CREATE INDEX usuarios_apellidos_index ON catalogos.usuarios USING btree (apellidos);


--
-- Name: usuarios_fecha_creacion_index; Type: INDEX; Schema: catalogos; Owner: postgres
--

CREATE INDEX usuarios_fecha_creacion_index ON catalogos.usuarios USING btree (fecha_creacion);


--
-- Name: usuarios_id_index; Type: INDEX; Schema: catalogos; Owner: postgres
--

CREATE INDEX usuarios_id_index ON catalogos.usuarios USING btree (id);


--
-- Name: usuarios_nombre_index; Type: INDEX; Schema: catalogos; Owner: postgres
--

CREATE INDEX usuarios_nombre_index ON catalogos.usuarios USING btree (nombre);


--
-- Name: usuarios_usuario_index; Type: INDEX; Schema: catalogos; Owner: postgres
--

CREATE INDEX usuarios_usuario_index ON catalogos.usuarios USING btree (usuario);


--
-- Name: event_invocation_logs_event_id_idx; Type: INDEX; Schema: hdb_catalog; Owner: postgres
--

CREATE INDEX event_invocation_logs_event_id_idx ON hdb_catalog.event_invocation_logs USING btree (event_id);


--
-- Name: event_log_locked_idx; Type: INDEX; Schema: hdb_catalog; Owner: postgres
--

CREATE INDEX event_log_locked_idx ON hdb_catalog.event_log USING btree (locked);


--
-- Name: event_log_trigger_name_idx; Type: INDEX; Schema: hdb_catalog; Owner: postgres
--

CREATE INDEX event_log_trigger_name_idx ON hdb_catalog.event_log USING btree (trigger_name);


--
-- Name: hdb_schema_update_event_one_row; Type: INDEX; Schema: hdb_catalog; Owner: postgres
--

CREATE UNIQUE INDEX hdb_schema_update_event_one_row ON hdb_catalog.hdb_schema_update_event USING btree (((occurred_at IS NOT NULL)));


--
-- Name: hdb_version_one_row; Type: INDEX; Schema: hdb_catalog; Owner: postgres
--

CREATE UNIQUE INDEX hdb_version_one_row ON hdb_catalog.hdb_version USING btree (((version IS NOT NULL)));


--
-- Name: motivo_rechazo adquisiciones_motivo_rechazo_fecha_modificacion; Type: TRIGGER; Schema: adquisiciones; Owner: postgres
--

CREATE TRIGGER adquisiciones_motivo_rechazo_fecha_modificacion BEFORE UPDATE ON adquisiciones.motivo_rechazo FOR EACH ROW EXECUTE FUNCTION public.actualiza_fecha_modificacion();


--
-- Name: ubicaciones catalogos_ubicaciones_fecha_modificacion; Type: TRIGGER; Schema: catalogos; Owner: postgres
--

CREATE TRIGGER catalogos_ubicaciones_fecha_modificacion BEFORE UPDATE ON catalogos.ubicaciones FOR EACH ROW EXECUTE FUNCTION public.actualiza_fecha_modificacion();


--
-- Name: ubicaciones tgr_reestablecer_ubicacion; Type: TRIGGER; Schema: catalogos; Owner: postgres
--

CREATE TRIGGER tgr_reestablecer_ubicacion BEFORE INSERT ON catalogos.ubicaciones FOR EACH ROW EXECUTE FUNCTION catalogos.reestablecer_ubicacion();


--
-- Name: ubicaciones tgr_ubicacion_predeterminada; Type: TRIGGER; Schema: catalogos; Owner: postgres
--

CREATE TRIGGER tgr_ubicacion_predeterminada BEFORE INSERT OR UPDATE OF predeterminada ON catalogos.ubicaciones FOR EACH ROW EXECUTE FUNCTION catalogos.ubicacion_predeterminada();


--
-- Name: hdb_schema_update_event hdb_schema_update_event_notifier; Type: TRIGGER; Schema: hdb_catalog; Owner: postgres
--

CREATE TRIGGER hdb_schema_update_event_notifier AFTER INSERT OR UPDATE ON hdb_catalog.hdb_schema_update_event FOR EACH ROW EXECUTE FUNCTION hdb_catalog.hdb_schema_update_event_notifier();


--
-- Name: carrito carrito_id_usuario_foreign; Type: FK CONSTRAINT; Schema: adquisiciones; Owner: postgres
--

ALTER TABLE ONLY adquisiciones.carrito
    ADD CONSTRAINT carrito_id_usuario_foreign FOREIGN KEY (id_usuario) REFERENCES catalogos.usuarios(id) ON UPDATE CASCADE ON DELETE RESTRICT;


--
-- Name: solicitudes_historial solicitudes_historial_id_solicitud_foreign; Type: FK CONSTRAINT; Schema: adquisiciones; Owner: postgres
--

ALTER TABLE ONLY adquisiciones.solicitudes_historial
    ADD CONSTRAINT solicitudes_historial_id_solicitud_foreign FOREIGN KEY (id_solicitud) REFERENCES adquisiciones.solicitudes(id) ON UPDATE CASCADE ON DELETE RESTRICT;


--
-- Name: solicitudes_historial solicitudes_historial_id_usuario_foreign; Type: FK CONSTRAINT; Schema: adquisiciones; Owner: postgres
--

ALTER TABLE ONLY adquisiciones.solicitudes_historial
    ADD CONSTRAINT solicitudes_historial_id_usuario_foreign FOREIGN KEY (id_usuario) REFERENCES catalogos.usuarios(id) ON UPDATE CASCADE ON DELETE RESTRICT;


--
-- Name: solicitudes solicitudes_id_estatus_foreign; Type: FK CONSTRAINT; Schema: adquisiciones; Owner: postgres
--

ALTER TABLE ONLY adquisiciones.solicitudes
    ADD CONSTRAINT solicitudes_id_estatus_foreign FOREIGN KEY (id_estatus) REFERENCES adquisiciones.estatus(id) ON UPDATE CASCADE ON DELETE RESTRICT;


--
-- Name: solicitudes solicitudes_id_ubicacion_foreign; Type: FK CONSTRAINT; Schema: adquisiciones; Owner: postgres
--

ALTER TABLE ONLY adquisiciones.solicitudes
    ADD CONSTRAINT solicitudes_id_ubicacion_foreign FOREIGN KEY (id_ubicacion) REFERENCES catalogos.ubicaciones(id) ON UPDATE CASCADE ON DELETE RESTRICT;


--
-- Name: solicitudes solicitudes_id_usuario_foreign; Type: FK CONSTRAINT; Schema: adquisiciones; Owner: postgres
--

ALTER TABLE ONLY adquisiciones.solicitudes
    ADD CONSTRAINT solicitudes_id_usuario_foreign FOREIGN KEY (id_usuario) REFERENCES catalogos.usuarios(id) ON UPDATE CASCADE ON DELETE RESTRICT;


--
-- Name: carreras carreras_id_plantel_foreign; Type: FK CONSTRAINT; Schema: catalogos; Owner: postgres
--

ALTER TABLE ONLY catalogos.carreras
    ADD CONSTRAINT carreras_id_plantel_foreign FOREIGN KEY (id_plantel) REFERENCES catalogos.planteles(id) ON UPDATE CASCADE ON DELETE RESTRICT;


--
-- Name: planteles catalogos_planteles_id_biblioteca_foreign; Type: FK CONSTRAINT; Schema: catalogos; Owner: postgres
--

ALTER TABLE ONLY catalogos.planteles
    ADD CONSTRAINT catalogos_planteles_id_biblioteca_foreign FOREIGN KEY (id_biblioteca) REFERENCES catalogos.bibliotecas(id) ON UPDATE CASCADE ON DELETE RESTRICT;


--
-- Name: usuarios catalogos_usuarios_id_biblioteca_foreign; Type: FK CONSTRAINT; Schema: catalogos; Owner: postgres
--

ALTER TABLE ONLY catalogos.usuarios
    ADD CONSTRAINT catalogos_usuarios_id_biblioteca_foreign FOREIGN KEY (id_biblioteca) REFERENCES catalogos.bibliotecas(id) ON UPDATE CASCADE ON DELETE RESTRICT;


--
-- Name: usuarios catalogos_usuarios_id_funcion_foreign; Type: FK CONSTRAINT; Schema: catalogos; Owner: postgres
--

ALTER TABLE ONLY catalogos.usuarios
    ADD CONSTRAINT catalogos_usuarios_id_funcion_foreign FOREIGN KEY (id_funcion) REFERENCES catalogos.funciones(id) ON UPDATE CASCADE ON DELETE RESTRICT;


--
-- Name: usuarios catalogos_usuarios_id_plantel_foreign; Type: FK CONSTRAINT; Schema: catalogos; Owner: postgres
--

ALTER TABLE ONLY catalogos.usuarios
    ADD CONSTRAINT catalogos_usuarios_id_plantel_foreign FOREIGN KEY (id_plantel) REFERENCES catalogos.planteles(id) ON UPDATE CASCADE ON DELETE RESTRICT;


--
-- Name: usuarios catalogos_usuarios_id_rol_foreign; Type: FK CONSTRAINT; Schema: catalogos; Owner: postgres
--

ALTER TABLE ONLY catalogos.usuarios
    ADD CONSTRAINT catalogos_usuarios_id_rol_foreign FOREIGN KEY (id_rol) REFERENCES catalogos.roles(id) ON UPDATE CASCADE ON DELETE RESTRICT;


--
-- Name: correos correos_id_usuario_foreign; Type: FK CONSTRAINT; Schema: catalogos; Owner: postgres
--

ALTER TABLE ONLY catalogos.correos
    ADD CONSTRAINT correos_id_usuario_foreign FOREIGN KEY (id_usuario) REFERENCES catalogos.usuarios(id) ON UPDATE CASCADE ON DELETE RESTRICT;


--
-- Name: materias materias_id_carrera_foreign; Type: FK CONSTRAINT; Schema: catalogos; Owner: postgres
--

ALTER TABLE ONLY catalogos.materias
    ADD CONSTRAINT materias_id_carrera_foreign FOREIGN KEY (id_carrera) REFERENCES catalogos.carreras(id) ON UPDATE CASCADE ON DELETE RESTRICT;


--
-- Name: permisos permisos_id_role_foreign; Type: FK CONSTRAINT; Schema: catalogos; Owner: postgres
--

ALTER TABLE ONLY catalogos.permisos
    ADD CONSTRAINT permisos_id_role_foreign FOREIGN KEY (id_role) REFERENCES catalogos.roles(id) ON UPDATE CASCADE ON DELETE RESTRICT;


--
-- Name: ubicaciones ubicaciones_id_carrera_foreign; Type: FK CONSTRAINT; Schema: catalogos; Owner: postgres
--

ALTER TABLE ONLY catalogos.ubicaciones
    ADD CONSTRAINT ubicaciones_id_carrera_foreign FOREIGN KEY (id_carrera) REFERENCES catalogos.carreras(id) ON UPDATE CASCADE ON DELETE RESTRICT;


--
-- Name: ubicaciones ubicaciones_id_materia_foreign; Type: FK CONSTRAINT; Schema: catalogos; Owner: postgres
--

ALTER TABLE ONLY catalogos.ubicaciones
    ADD CONSTRAINT ubicaciones_id_materia_foreign FOREIGN KEY (id_materia) REFERENCES catalogos.materias(id) ON UPDATE CASCADE ON DELETE RESTRICT;


--
-- Name: ubicaciones ubicaciones_id_plantel_foreign; Type: FK CONSTRAINT; Schema: catalogos; Owner: postgres
--

ALTER TABLE ONLY catalogos.ubicaciones
    ADD CONSTRAINT ubicaciones_id_plantel_foreign FOREIGN KEY (id_plantel) REFERENCES catalogos.planteles(id) ON UPDATE CASCADE ON DELETE RESTRICT;


--
-- Name: ubicaciones ubicaciones_id_usuario_foreign; Type: FK CONSTRAINT; Schema: catalogos; Owner: postgres
--

ALTER TABLE ONLY catalogos.ubicaciones
    ADD CONSTRAINT ubicaciones_id_usuario_foreign FOREIGN KEY (id_usuario) REFERENCES catalogos.usuarios(id) ON UPDATE CASCADE ON DELETE RESTRICT;


--
-- Name: event_invocation_logs event_invocation_logs_event_id_fkey; Type: FK CONSTRAINT; Schema: hdb_catalog; Owner: postgres
--

ALTER TABLE ONLY hdb_catalog.event_invocation_logs
    ADD CONSTRAINT event_invocation_logs_event_id_fkey FOREIGN KEY (event_id) REFERENCES hdb_catalog.event_log(id);


--
-- Name: event_triggers event_triggers_schema_name_table_name_fkey; Type: FK CONSTRAINT; Schema: hdb_catalog; Owner: postgres
--

ALTER TABLE ONLY hdb_catalog.event_triggers
    ADD CONSTRAINT event_triggers_schema_name_table_name_fkey FOREIGN KEY (schema_name, table_name) REFERENCES hdb_catalog.hdb_table(table_schema, table_name) ON UPDATE CASCADE;


--
-- Name: hdb_allowlist hdb_allowlist_collection_name_fkey; Type: FK CONSTRAINT; Schema: hdb_catalog; Owner: postgres
--

ALTER TABLE ONLY hdb_catalog.hdb_allowlist
    ADD CONSTRAINT hdb_allowlist_collection_name_fkey FOREIGN KEY (collection_name) REFERENCES hdb_catalog.hdb_query_collection(collection_name);


--
-- Name: hdb_permission hdb_permission_table_schema_table_name_fkey; Type: FK CONSTRAINT; Schema: hdb_catalog; Owner: postgres
--

ALTER TABLE ONLY hdb_catalog.hdb_permission
    ADD CONSTRAINT hdb_permission_table_schema_table_name_fkey FOREIGN KEY (table_schema, table_name) REFERENCES hdb_catalog.hdb_table(table_schema, table_name) ON UPDATE CASCADE;


--
-- Name: hdb_relationship hdb_relationship_table_schema_table_name_fkey; Type: FK CONSTRAINT; Schema: hdb_catalog; Owner: postgres
--

ALTER TABLE ONLY hdb_catalog.hdb_relationship
    ADD CONSTRAINT hdb_relationship_table_schema_table_name_fkey FOREIGN KEY (table_schema, table_name) REFERENCES hdb_catalog.hdb_table(table_schema, table_name) ON UPDATE CASCADE;


--
-- PostgreSQL database dump complete
--

